ze2010,libelle_ze,txcho_2003,txcho_2004,txcho_2005,txcho_2006,txcho_2007,txcho_2008,txcho_2009,txcho_2010,txcho_2011,txcho_2012,txcho_2013,densite,fronta,tx_act,tx_act_f,part_emp_pub,part_emp_ind,part_ouv,part_cad,part_act_1530,part_act_5064,part_act_peudip,part_act_tredip,tx_cre_eta,tx_act_intra,var_emp,tx_immig,f_bel,f_lux,f_all,f_su,part_etu
0050,Mont-de-Marsan,6.1,6.3,6.4,6.3,5.6,5.2,6.3,6.7,7,7.5,7.8,32.2219441,0,73.162315875,70.699259223,38.656673978,15.697863352,24.823323448,9.5459084019,20.206661895,27.082365601,19.626850296,26.45080143,25.768445306,83.62013037,103.08235925,4.7756041427,0,0,0,0,46.579431328
0051,Alençon,7.3,7.5,7.5,7.5,6.7,6.7,8.5,8,8,8.9,9.4,50.6060883,0,71.609097017,68.270497289,41.345733885,14.240937235,28.260382858,9.633816326,22.659289068,26.142195218,22.782625451,24.373284713,29.21975912,78.474746036,93.60384584,3.9992492262,0,0,0,0,49.362063989
0052,Cosne - Clamecy,7.4,7.7,7.6,7.7,7.1,6.5,8,8.8,8.7,9.1,9.4,29.522206901,0,70.212005935,65.971859456,37.435267738,16.048262239,28.224941297,8.0736848395,20.532892891,29.079581335,24.439368816,21.360204462,28.935492434,72.156539565,95.903982457,3.7786595846,0,0,0,0,43.858680882
0053,Mâcon,5.3,5.5,5.7,5.7,5.2,4.9,6.5,6.7,6.5,7.1,7.5,92.350299595,1,76.267456538,73.510050813,33.680666242,17.807618744,26.436430747,11.313666296,21.64855799,25.138567708,21.750107422,27.709584971,31.089676382,77.786145114,99.903397462,7.3662369837,0,0,0,0,44.172586613
0054,Nogent-le-Rotrou,6.4,7.2,7.4,6.8,5.7,6.2,8.2,7.6,7.5,8.3,8.7,40.43916737,0,74.905416123,71.76456549,24.545592245,38.011208725,33.372425066,8.7613090702,21.324725258,26.659958888,27.833122123,20.370813231,27.358297524,70.383609059,90.890774125,3.0931277766,0,0,0,0,42.220713617
0055,Vallée de la Bresle - Vimeu,7.8,8.2,8.2,8,7.2,7.4,10.7,9.7,9.3,10,10.5,87.996732371,0,70.381172132,65.380622691,21.866721011,45.84607024,41.466201895,6.4183566851,22.339458875,24.757611971,32.120466784,17.094183943,28.900637115,76.722317798,95.41434568,0.9308555614,0,0,0,0,40.975464845
0056,Roissy - Sud Picardie,9.2,9.7,9.7,9.4,8.6,7.7,9.3,9.7,9.7,10.3,10.8,511.91794865,0,73.752109594,69.513695477,26.317576973,9.7162354549,21.180365459,14.822679443,24.254126366,23.263708742,28.128395749,28.410550177,51.783410887,50.390366325,98.04841126,23.383919842,0,0,0,0,49.928788077
0057,Brive-la-Gaillarde,6.1,6.4,6.4,6.4,5.8,5.5,7.2,7.1,7.3,8.4,9.1,55.794186329,0,73.76500503,71.312168271,30.010583877,20.970188746,24.975605094,10.544044141,19.190484263,28.169855301,18.364730503,27.91492218,29.676169887,82.328506736,96.672212978,5.5980974362,0,0,0,0,47.813118888
0059,Avignon,9.3,9.4,9.7,9.8,9.1,8.4,10,10.6,10.9,11.6,12.1,205.17362623,1,71.97854321,67.560714157,31.819327202,12.213052791,22.209539413,13.014307935,22.156975927,24.997431901,23.546915174,30.268584458,47.523683477,78.725383273,102.74243783,10.5377208,0,0,0,0,48.83614212
0060,Saint-Étienne,8.2,8.5,8.5,8.4,7.5,7,9.2,8.9,8.8,9.4,9.9,141.85461009,1,71.658291967,67.543115175,34.094648915,21.311689001,26.287575514,11.682656391,23.313534209,24.630389497,20.135650207,29.93623314,37.806982123,84.76387923,98.681573715,7.8901647216,0,0,0,0,51.454226255
0061,Toulouse,8.7,8.9,8.9,8.8,7.9,7.2,8.6,9,8.9,9.5,10.1,155.18259808,0,74.400016918,71.296529311,30.817009258,14.120576641,15.714533356,23.553933796,23.947496717,22.497227093,14.622283976,44.674786454,46.361963608,87.838293398,106.26464281,9.6924579322,0,0,0,0,57.300314034
1101,Paris,8.7,9.1,8.8,8.4,7.6,6.7,7.9,8.2,8,8.3,8.7,9053.9119543,0,77.607125963,74.73491944,23.812702387,6.6626448099,10.464738659,36.352826618,23.914131394,22.752649051,18.237810033,53.206942855,45.200694619,80.111753604,103.12015172,24.313307035,0,0,0,0,56.747967246
1102,Marne-la-Vallée,6.8,7.3,7.2,6.8,6.1,5.4,6.6,6.9,6.9,7.3,7.8,1043.1195628,0,78.337370279,75.680375528,22.857722695,9.1205553651,14.162126557,22.29278865,24.780396511,22.08057492,19.86028084,39.515026335,52.811357281,37.212854652,105.07078908,22.852249086,0,0,0,0,51.028803481
1103,Coulommiers,6.5,6.8,6.7,6.6,5.7,5.1,6.6,6.7,6.8,7.2,7.5,96.07646639,0,74.819371334,70.941908656,34.184557439,13.943502825,23.762334406,11.147782515,23.227275537,23.626267617,25.272742844,23.063785818,43.089761856,42.766981204,106.60750146,7.7860724895,0,0,0,0,45.191308686
1104,Meaux,6.8,7.5,7.7,7.5,6.8,6.2,7.9,8.1,8,8.6,9.4,211.05103272,0,75.707464091,72.796991995,38.779845356,11.167757102,21.310281549,13.011959814,24.373067762,23.602215786,25.475313055,26.632736686,45.477959386,43.360558627,95.60927479,13.229387611,0,0,0,0,45.775127907
1105,Melun,6.6,7.3,7.3,7,5.9,5.4,6.7,7,7,7.6,8.1,208.66123272,0,75.667663103,72.572834917,38.451374887,13.005877054,18.238960367,17.682210393,23.54630659,23.882009166,20.846808272,33.057698961,48.361219344,49.849295112,100.20142993,14.589731046,0,0,0,0,50.180260876
1106,Montereau-Fault-Yonne,9.6,9.6,9.8,9.9,8.7,7.6,9.5,9.4,9.6,10.4,11.2,135.08307169,0,70.992247535,66.119098075,35.623732252,21.315077755,25.660867561,9.3245023473,25.504422015,22.204776127,26.925466017,22.443259612,44.149132521,46.750956838,102.27272727,15.420321999,0,0,0,0,47.624989355
1107,Nemours,5.4,5.7,6.1,6.1,5.7,5.2,6.7,7,7.1,7.6,7.9,88.143438637,0,73.696076214,70.250091394,33.699359454,20.830213793,24.047333555,11.647511805,21.223013552,25.587362592,26.00460997,23.284196115,42.307692308,48.102328871,91.532361218,11.982370675,0,0,0,0,49.646978639
1108,Provins,8.5,9.5,9.4,9.4,8.2,7.5,8.8,8.9,8.3,8.5,9.2,59.219196817,0,73.720376568,69.811151371,43.196248901,14.281527791,26.421277586,9.3370276994,23.251275239,24.857505095,28.138645952,21.671747673,37.682539683,50.686928459,110.90264569,10.302596991,0,0,0,0,46.9792838
1109,Houdan,4.8,5,4.8,4.5,3.8,3.4,4.3,4.4,4.4,4.6,4.9,158.60795097,0,75.469124358,72.174036101,36.121836122,9.6417846418,10.511995388,30.862652177,16.718321118,29.123755098,14.294090741,44.607325596,43.963916158,27.997798191,95.582569985,7.3993422576,0,0,0,0,58.176322583
1110,Mantes-la-Jolie,8.8,,9,9,8.6,7.9,9.7,9.9,9.7,10.6,11.1,293.48928628,0,74.009497007,69.462879375,33.910576005,19.115307097,21.702677294,15.241698854,24.560637375,22.649326592,24.376526187,27.741488313,51.079965441,43.586583021,96.018610834,16.932512317,0,0,0,0,48.345828858
1111,Poissy,7.4,8,7.9,7.6,7.1,6.3,7.6,7.9,7.7,8.1,8.5,902.96890598,0,76.022601976,72.385337705,27.397801516,29.077003401,16.114788761,24.67092118,22.907260566,24.572476135,20.7165884,39.169864009,51.086887635,37.396028806,96.92598317,18.354922353,0,0,0,0,51.666027287
1112,Rambouillet,4.9,5.3,5.4,5.2,4.3,3.8,5,5.4,5.2,5.5,5.7,131.74222157,0,75.440576296,71.359877201,31.223832528,14.820182501,12.601794715,27.443797326,19.919692946,27.051942477,16.708310864,42.6926191,44.414029085,35.521948598,94.942409284,8.7916893242,0,0,0,0,54.506859819
1113,Plaisir,5.6,6.1,6,5.7,5,4.3,5.4,5.8,5.6,5.9,6.2,456.25420875,0,77.625194922,74.077246576,24.168334505,18.423757235,11.437417608,26.591163772,22.896769155,22.566538543,16.903104624,43.195168116,50.206327373,27.361080909,98.35978836,13.344036642,0,0,0,0,51.948499847
1114,Étampes,6.2,6.3,6.3,6.1,5.2,4.9,6.1,6.6,6.5,6.9,7.4,118.70216643,0,75.38990356,71.848249264,42.78492353,7.5766301913,21.169918474,15.216252191,22.54012874,23.819808592,23.745759261,29.093524504,41.904323827,41.185248475,98.90073831,12.776490904,0,0,0,0,47.859583225
1115,Évry,7.5,8,7.9,7.4,6.4,5.9,7.4,7.7,7.6,8.2,8.8,561.50893177,0,74.055199073,71.598527018,34.142748008,11.052213093,18.809446183,17.415533523,23.56707936,22.836872511,23.455131866,32.717140743,53.222425405,45.020492201,100.7513705,21.163101375,0,0,0,0,49.543625314
1116,Saclay,5.5,6,5.8,5.5,4.8,4.3,5.5,5.8,5.7,6,6.3,1025.3831383,0,76.629098786,73.142551839,23.913521557,14.383957217,11.830157291,31.154710558,21.919291715,24.442645979,17.030040114,47.322356613,47.622926274,50.728287301,100.5585505,15.404016946,0,0,0,0,56.512929065
1117,Créteil,6.4,6.9,6.8,6.5,5.8,5.1,6.3,6.7,6.8,7.2,7.7,947.57542825,0,76.03897431,73.007385229,41.215583443,7.9895579697,15.891868389,19.799245438,22.478095409,24.065355613,22.254130695,35.167107722,51.639876833,36.761423689,94.41774346,19.616981173,0,0,0,0,53.407583293
1118,Orly,8.9,9.5,9.4,9.2,8.3,7.1,8.5,8.9,9,9.6,10.3,3977.6520741,0,75.892489476,72.604980777,19.061281786,7.9454809307,19.42531862,16.83870633,24.979255426,22.774245847,27.184701722,32.600698329,51.966461576,34.943495863,104.98092343,28.637848251,0,0,0,0,50.293697078
1119,Cergy,7,7.7,7.6,7.2,6.5,5.8,7.4,7.8,7.8,8.3,8.8,602.37420434,0,75.427374047,72.536904274,32.024084019,15.341636007,15.745378122,21.44985585,24.103003143,24.038046163,19.873412691,36.868105972,49.402075812,42.896541977,96.043318145,17.366928107,0,0,0,0,52.870882166
2101,Charleville-Mézières,12.1,12.3,12.3,12.7,11.2,10.5,12.5,11.4,11.2,12.4,13,71.215786436,1,69.881292745,63.935085761,35.964068014,27.087525884,31.260295135,9.0572273669,22.971821223,24.747819648,27.069990853,22.407489873,36.616206589,86.581196639,96.843435821,6.4882561786,0,0,0,0,46.144447065
2102,Troyes,8.7,9.1,9.2,9.3,8.3,7.8,9.1,9.2,9.6,10.7,11.6,49.363651709,1,71.519943673,68.55216791,30.737364508,20.055857801,28.372921886,10.315465452,22.682752826,25.16084138,25.117374636,25.184546506,31.029634056,86.447193679,98.4270001,7.6830149938,0,0,0,0,48.500232408
2103,Châlons-en-Champagne,6,6.3,6.5,6.8,6.4,6,7.5,7.4,7.5,8.4,9.1,38.767731745,1,73.354519191,70.027810684,42.850199529,12.53453392,24.10649206,11.388504152,24.153001225,24.229078012,22.676173256,26.012918339,30.29922339,79.07357987,102.42393489,4.7317999574,0,0,0,0,46.417968998
2104,Épernay,5.4,5.8,6,6,5.3,5.1,6.4,6.5,6.6,7.2,7.7,47.606742638,1,76.546029577,73.128063926,24.250946759,27.564602361,33.392248356,7.9106749651,21.035264105,26.045240222,26.112653883,21.670968029,16.466532606,77.881893661,96.113081848,4.4661969888,0,0,0,0,43.737505988
2105,Reims,8.3,8.7,9.1,9.1,8,7.5,9.3,9.1,9.2,10.1,11,96.798002312,1,71.518365698,67.447226322,32.019254106,13.170455465,22.802692352,15.532650748,26.461174054,23.330393826,21.683848641,33.82658567,34.083224967,82.851935644,96.929897112,6.6399366721,0,0,0,0,53.209018996
2106,Chaumont - Langres,6.4,7,7,7.2,6.2,5.8,7.8,7.2,6.9,7.4,7.9,24.147067433,1,73.336646068,69.30081069,34.312925963,24.343216637,30.310289617,8.7464900822,22.808050616,26.2357964,23.615277255,21.971417372,25.730934369,86.025336476,97.466028545,3.3293561648,0,0,0,0,44.522905364
2107,Vitry-le-François - Saint-Dizier,9.2,9.9,9.9,10.2,9,8.6,10.8,10.2,9.9,11,11.5,41.548628751,1,71.356187427,65.656739434,31.981759921,27.178333744,32.757187554,7.8259450044,23.232275656,25.398381574,27.099066054,20.357013093,30.256527714,81.298203663,98.088474971,3.6068878756,0,0,0,0,41.761325648
2201,Château-Thierry,8.4,9.2,9.6,9.5,8.8,8.5,10.5,10.7,10.7,11.7,11.9,60.947833484,0,74.761200176,70.593456842,33.862114723,18.873273418,30.04341681,10.765172167,22.865802517,24.703120147,26.954651655,22.833824952,32.417284397,63.152742879,97.987986521,6.0358071491,0,0,0,0,44.681483248
2202,Tergnier,11.2,11.6,12.1,12.1,10.8,10.6,13.3,13.4,13.5,15.1,15.5,149.57147392,0,68.187249042,62.067969801,39.556710707,20.395639304,32.118016213,7.2648266392,23.87211881,22.821476576,26.835305192,20.275981842,40.397563322,59.939555705,93.138037159,3.5393699487,0,0,0,0,45.978327755
2203,Thiérache,12.8,13.4,13.9,13.9,12.8,12.6,14.8,15.4,15.4,16.5,17.2,52.199135479,0,67.107062054,60.314741629,36.736723464,29.529934363,35.790801126,5.7952569609,25.278018576,24.861976456,32.200350772,17.359486542,25.477855478,71.19470509,99.294143003,1.4386633333,0,0,0,0,39.665186842
2204,Laon,8.6,9.3,9.7,9.7,8.9,8.6,10.5,11.2,11.4,12.4,13,48.924349997,0,71.749885746,67.181084898,42.052043558,12.130533164,27.428741936,9.6593641848,23.953870666,24.260928064,26.588347743,23.423027545,30.983969044,67.399321597,95.951065509,3.009809293,0,0,0,0,43.104091102
2205,Saint-Quentin,11.7,11.9,12.3,12.5,11.7,11.4,14,14.1,14.1,14.9,15.2,112.21528571,0,69.347018217,63.844044545,34.667879891,19.292791427,30.479255574,9.601487449,24.579513176,23.373791564,28.203515351,23.789136617,38.599439776,74.46005994,92.736935341,4.1200345195,0,0,0,0,46.305352654
2206,Soissons,10.6,10.6,10.8,11.1,10,9.3,11.6,11.9,12.1,13.3,13.8,91.161930712,0,71.336948405,66.326175309,36.706248783,16.776328596,29.046930472,9.6469416207,23.178644536,25.18424245,25.852078196,23.697246123,38.814744201,64.207841105,95.131566597,5.9592968241,0,0,0,0,48.438907702
2207,Beauvais,7.6,8.1,8.3,8.3,7.5,7,9,9.2,8.7,9.4,10.3,97.289399914,0,73.906041285,69.57606561,33.914905004,22.415038801,27.570535901,11.272417985,23.493037961,22.89220503,25.676708411,24.800711768,38.251203709,62.636084099,98.754979527,5.6570477985,0,0,0,0,46.437883991
2208,Compiègne,7.9,8.4,8.5,8.5,7.4,7,9.2,9.2,9.2,10,10.3,129.03456329,0,72.784519222,67.929171051,27.320340274,22.697117826,26.665175549,14.381797715,23.592122045,23.141775,23.606378055,28.870688576,40.457900286,67.303509842,97.899131641,7.1901909167,0,0,0,0,48.282027641
2209,Abbeville,9.4,9.8,9.7,10.3,9.1,9,10.7,10.5,10.4,11.3,11.9,70.246208509,0,70.211675986,65.130653429,37.195533628,14.99350818,28.670999217,8.649519596,21.890929561,25.299324967,29.749276258,22.060460933,28.581399407,67.553015419,100.82195245,1.2875453021,0,0,0,0,46.302193924
2210,Amiens,9.6,10.1,10.2,10.4,9.8,9,10.9,11,10.9,11.8,12.4,103.92331184,0,70.548843787,66.639009196,39.98686951,16.442542787,25.393273807,13.548522979,25.707732941,22.32767938,24.506567401,30.633695079,32.302942522,81.598938877,99.135349336,4.65019093,0,0,0,0,52.476224182
2211,Péronne,7.9,8.1,8.7,9.3,8.2,7.9,10.1,10.1,9.9,11.1,11.8,64.306049012,0,70.913844424,64.415782625,25.406335271,29.873057302,37.091187483,6.3140493344,24.081435581,24.253934855,31.35692823,17.514025377,26.829268293,64.257863484,96.225767713,2.1015445875,0,0,0,0,43.334765256
2301,Bernay,8.4,9,9.4,9,7.5,7.1,9.5,9.3,9.5,10.8,11.4,57.948292384,0,73.518128015,69.232857433,30.063630514,26.067062272,31.682958309,9.0344486753,21.471383153,26.092835781,27.751494412,20.797116981,32.057703867,61.435418994,91.045159963,2.1504954011,0,0,0,0,43.028365794
2302,Évreux,7.4,8,8.1,8.3,7.6,7,8.8,9.2,9,9.8,10.5,95.153689338,0,75.031208291,71.821846709,36.695759863,18.990682314,26.209210048,12.645628889,22.561779113,24.386503823,24.533649054,25.761462152,39.742509927,66.702425014,96.921971446,5.6227563761,0,0,0,0,45.547132962
2303,Pont-Audemer,8.3,8.8,8.4,8.4,7.4,6.8,8.8,9.2,9.2,10.1,10.8,79.091751331,0,75.412564711,71.217838353,28.93006575,20.809495346,30.883941274,9.4755533659,23.367216511,23.60566632,24.880311062,22.776388946,34.042033236,56.744274363,102.03567538,1.728348636,0,0,0,0,42.632124711
2304,Vernon - Gisors,8.1,8.5,8.4,9,8.5,7.7,10,10.3,10.4,11.3,11.6,121.72056253,0,74.706543489,70.526827857,27.680372382,25.852598914,27.810112695,13.519058641,22.875673911,24.61741103,26.451014407,25.548840697,41.455360302,54.657922749,94.563082965,7.2568083261,0,0,0,0,45.168455857
2305,Dieppe - Caux maritime,9.1,9.1,9.1,9.2,8.1,7.7,9.4,9.2,9.1,9.8,10,104.89328386,0,71.893509667,67.209569655,31.258994723,27.490538884,29.922513453,9.3293038922,22.839597827,24.901370721,25.454703757,21.85197117,32.579582876,76.805357473,98.51828986,1.6677448364,0,0,0,0,44.042823295
2306,Le Havre,10.4,10.9,10.8,10.7,9.6,9,11.3,11.6,11.4,12,12.5,292.15652047,0,70.877956533,66.702825769,29.374663653,20.577619919,27.118522721,11.29173386,25.226036777,23.537223206,22.808368693,26.20754111,35.961104358,87.786396728,97.650906566,4.5276177304,0,0,0,0,48.157049626
2307,Rouen,8.8,9.3,9.3,9.1,8.1,7.5,9.4,9.6,9.5,10.2,10.7,192.43256404,0,72.398566722,69.34637253,33.834502961,16.624671151,24.541791925,14.53213692,25.218097176,23.364939806,22.57188343,30.075126691,39.58043455,82.567773428,100.72993359,6.1136954389,0,0,0,0,50.642004104
2401,Bourges,7.5,8,8.1,8,7.1,6.4,8,8.5,8.5,9.1,9.6,52.253407367,0,73.006104722,69.616523697,33.600383785,17.582153994,23.654195801,12.142731277,21.831547311,25.868474244,19.504250453,28.276923947,35.601026383,81.804336007,96.767617223,5.0547179094,0,0,0,0,48.165882544
2402,Saint-Amand-Montrond,8.7,9.7,10,9.7,8.2,8,9.6,10.3,10.3,11,11.7,26.086541543,0,70.475989224,67.221571604,38.055293006,20.404064272,28.044339421,7.304212492,18.67521005,31.26142941,28.290386703,17.403988032,28.718783931,72.605402315,90.267601147,2.9837970814,0,0,0,0,44.5919128
2403,Vierzon,10.1,10.9,10.8,10,8.7,8.5,11.2,11.4,11.5,12.4,13.2,57.885651839,0,71.114397481,67.509103591,34.740027072,24.43665897,29.133269301,9.0367347427,20.437310341,28.174620648,25.845073489,22.01207349,40.314769976,68.213719111,93.895582329,7.6505999964,0,0,0,0,47.268844615
2404,Chartres,6.5,7,7.2,6.8,5.8,5.3,7,7.4,7.3,8,8.5,76.990971652,0,76.69765505,73.862493465,31.227352121,20.931202586,24.479177548,13.502336638,22.491649846,24.449130988,22.170910342,28.023756245,36.523342189,68.816242574,100.12922726,6.2953855675,0,0,0,0,44.484644549
2405,Châteaudun,7,7.8,7.9,7.5,6.4,7.1,9.1,8.9,8.5,9.5,9.8,44.148534081,0,71.682374897,70.087267958,34.535979154,22.61976348,27.513386411,8.0858714749,22.64618611,26.834422387,24.820791508,21.407829397,30.262708973,65.752757519,89.966602714,6.1093387828,0,0,0,0,41.781304596
2406,Dreux,9.8,10.6,10.4,10.4,9.8,8.8,11,11.5,11.2,11.9,12.4,103.15726005,0,73.597269,68.73646543,32.768802228,21.545032498,25.379237991,13.233020569,21.70260442,24.341620656,24.808125666,25.33047746,45.434032387,48.40470344,98.794660748,11.114776143,0,0,0,0,47.748760419
2407,Le Blanc,6.3,6.7,6.5,6.4,5.7,5.4,6.8,7.1,7,7.2,7.6,24.40363278,0,70.335514158,67.272083935,42.198510167,13.227300181,25.014542587,7.7285556667,19.963817782,28.069981703,23.751119268,20.767394132,25.800711744,72.996439814,96.098149638,2.3713969191,0,0,0,0,46.689609506
2408,Issoudun,7.6,7.7,8.1,8.2,7.7,7.4,9.3,9.8,9.3,10.6,11.2,43.00744935,0,74.226027663,70.301779967,23.513062813,37.326292385,34.546182363,8.3749422077,21.72255525,25.502296143,26.886787559,20.933773351,29.459798995,69.79529341,86.382031566,4.3453368513,0,0,0,0,47.124430783
2409,Châteauroux,7.3,7.8,7.9,7.9,6.6,6,7.7,7.9,7.9,8.7,9.2,34.730869396,0,73.450720001,70.693051737,33.340175406,18.704982273,26.72290549,8.6974563168,20.33710713,27.421371763,24.0525959,22.483596907,28.111145801,84.723393667,97.936247593,4.3550164903,0,0,0,0,44.125355383
2410,Chinon,6.8,7.4,7.3,7.1,6.5,6.4,7.4,7.3,7.1,7.5,7.9,61.752106493,0,71.478660268,68.14045112,30.70093853,26.836898622,26.310764023,9.4053706371,20.214743092,27.246913657,23.009797905,23.647322046,28.879975316,71.805075999,105.9877212,1.9067565377,0,0,0,0,46.071910947
2411,Loches,6.9,6.9,6.9,6.8,6.2,5.8,7.1,7.4,7.7,8.5,8.9,27.684287328,0,73.68859028,71.852737979,35.225169648,21.699568168,29.264839997,7.8190003737,20.004759497,29.690343739,25.057434498,20.915317753,30.399659864,64.917228115,96.836329675,2.7680850226,0,0,0,0,43.229503259
2412,Tours,7.2,7.6,7.5,7.4,6.6,6.2,7.8,7.9,7.7,8.4,9,116.88400611,0,73.444518805,70.57030133,31.830040166,15.128458664,21.94469537,15.403374186,23.802663934,24.432690259,18.152187517,33.882835538,40.801205266,84.949551506,100.16173563,6.5770888232,0,0,0,0,53.339245376
2413,Blois,7.2,7.7,7.7,7.7,6.9,6.4,7.9,7.7,7.5,8.2,8.7,76.295261381,0,74.31588351,71.545305124,31.973953667,17.115704595,25.515435693,12.471480956,21.20011956,26.469962806,21.643452344,27.639907803,36.692634561,80.331047522,104.38414765,7.527539757,0,0,0,0,48.274316683
2414,Romorantin-Lanthenay,10.3,11,10.4,9.1,8,7.2,9.1,8.9,8.9,9.2,10,41.794578587,0,70.50099231,66.968191146,31.454132349,27.399886396,32.63485909,7.151758128,19.724676804,27.910957799,28.431113656,17.706830319,34.557522124,69.41735134,101.23275768,6.3870945146,0,0,0,0,40.752747824
2415,Vendôme,6.3,6.6,6.4,6.1,5.6,5.8,7.7,7.8,7.4,8,8.6,43.900455219,0,74.013566945,71.124928453,29.818061162,32.26234585,29.709785971,10.416570243,20.137631045,28.222741792,24.823366051,23.091852704,31.117499102,72.573809435,96.605065589,4.3843401634,0,0,0,0,44.939616685
2416,Gien,6.3,7,6.9,7.2,6.5,6.9,9.3,9.4,9.5,10.4,11,37.47708969,0,73.322592916,69.01228041,23.48673572,39.880249989,32.480421475,9.1481836521,21.789986416,25.712876472,26.926917821,20.550034135,32.698257613,77.672291527,95.326696954,7.9728599795,0,0,0,0,43.249283093
2417,Montargis,8.1,8.8,8.9,9.4,8.4,7.9,10.1,10.9,11,12.2,12.9,71.466652819,0,73.298321515,69.810769937,29.344951923,20.784254808,28.369397254,9.7438630182,21.573500872,25.919391441,27.168805284,21.755672139,40.995456423,70.464547008,97.842474028,9.3986686174,0,0,0,0,43.533415505
2418,Orléans,5.8,6.3,6.4,6.4,5.8,5.4,7.1,7.5,7.3,8,8.5,94.757875881,0,75.154084874,72.238165154,31.161887068,15.996125721,22.685773757,16.646883127,23.728144352,23.867129651,20.228411621,33.874204379,40.939212255,84.2660437,100.8996713,10.584067735,0,0,0,0,49.848756459
2419,Pithiviers,5.8,6.1,6.2,6.5,6,5.4,7,7.5,7.5,8.5,9.1,58.688126189,0,76.669977288,72.075187356,21.954030782,35.541392637,32.948619466,8.994264842,22.555785391,23.70800419,27.014606897,20.079531282,32.418699187,58.664415252,93.99416029,10.134110228,0,0,0,0,42.829199975
2501,Bayeux,7.6,7.5,7.6,8.1,7,6.5,8,7.8,8.1,8.9,9.1,76.448808519,0,72.030170907,68.62984267,35.102901607,17.765980656,30.016639443,8.9721164341,21.976751605,25.812963803,27.412752072,23.069977244,28.318939546,63.16716924,95.679381836,1.5836433143,0,0,0,0,45.28738935
2502,Caen,8.6,8.8,8.8,8.8,7.8,7,8.8,8.9,8.9,9.5,9.9,154.04590203,0,71.795829142,68.896987914,36.331215735,13.56028506,21.885104788,14.909854903,23.709505345,24.505158418,20.481925449,33.106895396,40.616029172,83.737689066,100.54512972,3.9438087288,0,0,0,0,55.696786654
2503,Honfleur,8.5,8.8,8.6,8.2,7.3,6.7,8.4,8.5,8.3,8.7,9.4,122.03146026,0,74.951796346,71.583602405,24.41432307,9.9791877902,22.326537248,10.824112764,21.24558627,27.321897175,28.464694414,23.93515991,38.593772016,71.686798529,100.66557941,3.3114670854,0,0,0,0,44.55477257
2504,Lisieux,8.7,8.9,9.1,8.9,7.9,7.4,9.5,9.3,9.4,9.8,9.9,70.596101835,0,72.425423811,67.822829812,32.551896064,21.247423175,28.69334818,8.647756957,22.177303026,26.127784066,27.109866695,21.498071269,33.215287,70.618030283,100.00759878,2.968751989,0,0,0,0,47.870684592
2505,Vire,6.8,6.9,7.5,7.7,6.6,6.4,8,7.9,7.7,8.1,8.7,59.007571859,0,73.528921922,70.552401297,30.569948187,25.599093264,34.744669349,7.6124234157,20.717292412,28.234441433,27.507094257,20.466110649,25.154196836,72.181219107,99.779650032,2.7228165116,0,0,0,0,48.059329503
2506,Avranches,5.1,5.2,5.3,5.4,4.9,4.7,6.3,6.2,6,6.3,6.8,58.36853829,0,73.804511189,70.591391821,27.80473128,28.278611456,32.749337082,6.8826815333,21.465660801,26.533720349,24.162487373,21.117630524,21.576568092,76.627900038,101.1574409,2.2516948461,0,0,0,0,44.767265678
2507,Cherbourg-Octeville,9,9.5,9.6,9.7,8.6,7.9,9.3,9.2,9,9.3,9.6,105.34097294,0,71.927980974,68.279827154,30.364013517,23.68931714,26.029484212,10.535243953,22.917061574,23.822908929,21.509461668,25.362905044,29.189898327,87.620466422,100.0714995,2.3740154935,0,0,0,0,47.723441007
2508,Coutances,6.5,6.9,7.1,7.1,6.8,6.4,8,7.9,7.9,8.3,8.7,71.308706809,0,72.262636762,69.09406196,31.111544208,20.178002988,30.845303311,8.7047220741,22.328441057,25.04292452,22.696949814,21.619056836,25.665461715,71.176452812,99.097815764,1.74947792,0,0,0,0,44.530527828
2509,Granville,7.6,7.8,7.5,7.6,7.1,6.5,8.6,8.4,8.3,8.3,8.8,120.40893333,0,69.991316509,67.213841364,37.788900339,13.705284852,25.479566882,9.4894125138,19.985054489,28.169336917,21.16860557,25.126489752,31.642014604,70.375323421,101.8882088,1.563201196,0,0,0,0,48.956131899
2510,Saint-Lô,5.3,5.6,5.9,6,5.6,5.2,6.7,6.6,6.5,7,7.3,78.634541135,0,73.789078956,71.117281892,42.65254317,12.820834247,27.861603201,9.1461983945,23.172659342,24.712291994,20.759945472,25.444773631,25.631951466,74.807122486,102.23920656,2.0493616944,0,0,0,0,48.290447274
2511,Argentan,8.7,10,9.9,9.2,8.3,8.2,9.8,9.1,9.1,9.4,9.6,42.576602814,0,69.325996351,67.572532325,35.40329575,18.169991327,30.180544039,7.7304907813,21.910643456,27.20744348,25.317595423,20.241719308,27.049789448,69.666122855,99.020547945,2.9726992816,0,0,0,0,47.580454698
2512,Flers,6.8,7.2,7.6,7.8,6.9,6.3,8.5,8.7,8.2,8.7,9,61.556187905,0,72.661253806,69.177818922,30.985308261,34.434384638,34.209467848,7.7605236241,21.063744662,26.149622805,25.224715842,21.840788649,24.378335415,81.072393786,95.317529249,3.8006764685,0,0,0,0,47.284094337
2513,L'Aigle,7.4,8.1,8.5,8.4,7.8,7.9,10.5,10.1,9.5,10,10.4,39.440221068,0,71.693115218,67.881605775,31.253978358,29.026098027,30.376860771,7.2974957868,20.521914594,25.615382818,26.83533601,20.653780643,28.901903367,68.487942063,96.416147561,5.4890477459,0,0,0,0,48.305289646
2601,Beaune,6.3,6.5,6.6,6.4,5.7,5.1,6.3,6.7,6.5,7.1,7.5,69.211289969,0,76.845506593,73.938697464,22.321750322,17.163449163,26.867335574,10.162724818,21.683431405,25.830396077,20.760302547,28.85324065,30.457238341,72.463527992,101.68799694,5.2098999312,0,0,0,0,46.390744653
2602,Chatillon,6.4,6.2,6.6,7.4,6.6,6,8.1,8.7,8.5,9.2,9.3,12.978698315,0,71.175202103,64.959197202,33.800551471,21.530330882,31.976386807,5.6050964292,19.97961415,28.745047693,28.073732968,17.834680694,27.077077077,73.084647427,95.531710442,5.6045860195,0,0,0,0,44.523122655
2603,Dijon,6.9,7.1,7,6.9,6.4,5.8,7.3,7.5,7.3,7.9,8.5,78.204428627,0,73.284238911,70.045974814,35.827195643,13.713560686,21.627788197,16.079438661,24.586460817,24.923224505,18.105398195,35.354643747,38.975463252,86.266800901,101.2223079,7.4345880835,0,0,0,0,55.56183573
2604,Montbard,6.5,6.7,6.6,7,6.2,5.7,7.7,7.4,7.2,7.8,8.4,27.217060811,0,75.280227123,71.798380603,34.41813602,31.16372796,31.607571862,8.0137039789,21.86930244,28.145148656,23.395550509,23.367350918,29.325032765,78.238013207,101.94270662,3.5953532589,0,0,0,0,40.905964898
2605,Morvan,6.6,6.7,6.8,7,6.5,6.1,7.2,7.5,7.7,8.4,8.6,13.202256386,0,68.516739761,65.159701218,44.868123587,8.6510926903,24.625547046,7.3262666982,18.979477202,31.174734693,22.744589666,20.318094045,21.150987471,69.522239954,92.500951656,4.2222386797,0,0,0,0,46.723429081
2606,Nevers,7.7,8.1,8.5,8.4,7.7,7.3,9.4,9.2,9.1,9.8,9.9,59.684367111,0,69.85067648,66.716393006,37.284053768,17.258496547,25.963503554,10.468658308,21.623313387,28.043840094,20.803683264,25.120593088,33.168913735,83.909038441,93.556488564,5.2647676279,0,0,0,0,46.964777115
2607,Autun,9,9.3,9,9,7.8,7.6,8.9,8.9,8.6,9,9.6,30.5877159,0,71.509708426,68.213652521,33.069725997,16.061483627,26.429528446,8.8151487485,20.207055371,29.289470211,21.179871677,22.051133643,27.845719661,74.750901317,92.603433273,6.1830365058,0,0,0,0,47.926443563
2608,Chalon-sur-Saône,7.5,7.6,7.5,7.5,6.7,6.2,8.2,8.5,8.5,9.1,9.4,83.658506061,0,74.654275672,71.511626614,30.581656961,21.990802012,27.338373665,10.439338388,22.208871228,25.139215836,21.410598694,26.637006923,34.864443752,76.993020185,98.507623222,5.4367050946,0,0,0,0,43.916813381
2609,Louhans,4.8,5.1,5.8,6,5.3,5.4,7,7,6.9,7.3,7.7,48.382403513,0,73.029712249,68.829142024,24.565923603,29.304357567,36.717816386,6.6694603804,18.38723125,27.836150798,25.595603907,17.226595334,29.755954131,61.947845064,100.33783784,3.805702787,0,0,0,0,43.201030979
2610,Le Creusot - Montceau,11.1,11.4,11.3,10.9,9.6,9,11.5,11.6,11.1,11.7,12.2,93.910881656,0,69.317842371,64.888396063,33.42979673,30.291830829,28.327808806,8.7208452556,21.592692413,27.450550538,22.655215311,23.013337546,35.203851362,80.094152109,97.052179806,6.8404696925,0,0,0,0,47.990665341
2611,Charolais,7,6.9,7.1,7.1,6.1,5.8,8.2,8.1,7.8,8.2,8.1,38.867098422,0,73.822175226,70.189468186,30.804164346,24.566213958,30.038722504,7.2293210922,19.857211924,27.523576916,22.62788042,20.930664289,24.874224874,75.763468894,95.481229969,4.6385363336,0,0,0,0,43.64682804
2612,Auxerre,7.1,7.5,7.6,7.7,6.9,6.5,8.5,8.5,8.4,9,9.4,43.610046107,0,72.884430142,69.62474273,34.500790286,18.455766134,27.59301122,9.78122502,21.264623739,26.359706539,25.152483159,22.969637697,32.595091691,84.308820617,97.086510402,6.9538464308,0,0,0,0,44.450514426
2613,Avallon,6.9,7.7,7.5,7.1,5.6,5.6,7,7.3,7.4,8.1,8.6,24.190825474,0,69.4398811,68.270791856,30.202602979,17.710988864,27.472292021,7.6938193658,20.565958161,26.513070192,25.744930095,19.941491055,29.869616752,76.90901893,94.084336131,4.735670345,0,0,0,0,41.793321129
2614,Sens,7.9,8.5,8.8,9,7.9,7.4,9.5,9.6,9.5,10.6,11.3,67.862014456,0,73.661421395,69.600046306,33.250311333,23.144824555,28.125479427,10.699321586,21.487354747,25.157336902,27.025769918,22.659582828,41.502571178,66.861021492,98.733848639,8.5354743314,0,0,0,0,43.083464136
3110,Roubaix - Tourcoing,12,12.4,12.6,13,12.2,11.3,13.5,14.1,13.7,14.4,14.8,1923.0758652,1,70.440044824,65.453688265,30.259844153,12.871470475,25.833879388,14.950900714,24.947133446,21.214952181,26.503906523,30.469980581,47.647250009,56.654857183,95.827045021,11.102355529,0,0,0,0,52.340082921
3111,Lille,9.5,10,10.3,10.3,9.4,8.7,10.1,10.5,10.2,10.8,11.1,1192.6976153,1,70.13018968,66.450043454,36.293803122,8.1388852151,16.151633823,23.865144912,27.440750629,21.33001323,18.597337528,44.956118838,44.939451355,71.722828916,106.08363215,8.0683252679,1,0,0,0,59.813435464
3112,Dunkerque,10.1,10.7,11,11.1,10.2,9.8,12,11.9,11.7,12.2,12.5,339.94996053,1,68.656265154,63.029398639,34.204493885,24.728004748,28.612977594,10.573685211,24.87599035,23.244612598,23.079079577,26.749338501,34.376134137,83.240712735,96.48491891,3.5657266129,1,0,0,0,49.355491596
3113,Flandre - Lys,7,7.6,7.6,7.9,6.8,6.2,7.8,7.7,7.5,8,8.2,176.18753856,1,72.798654369,68.247984486,34.573750535,21.504951798,28.911071041,10.400761181,23.988937725,21.636941556,20.420136351,28.919574906,31.418999761,49.40449897,101.06155409,1.745284546,0,0,0,0,49.205209347
3114,Douai,11,11.5,12.5,13,11.9,11.4,13.4,13.5,13.1,14.1,14.7,522.95799239,1,68.271846711,62.076362039,37.997627307,20.654442793,27.890718988,11.867524788,25.365237845,22.772512276,23.883294655,26.628438823,42.984499237,56.217880962,99.936770114,3.023018764,0,0,0,0,49.119552651
3115,Valenciennes,12.6,13.3,13.3,13.1,12.2,11.4,14.2,14.4,13.9,14.8,15.7,551.80082071,1,66.448189687,59.478118068,35.62684486,24.784049546,29.260635464,11.380899039,26.52476759,21.575671505,23.043922883,27.060656296,42.456506229,72.762032155,98.261140542,5.0835819013,0,0,0,0,49.335405101
3116,Cambrai,9,9.6,9.9,10.2,9.5,9.5,11.5,11.4,11.3,12,12.7,154.82469775,1,70.552371018,64.911365021,35.756045708,20.218797059,31.505021976,8.6416237748,24.261252425,23.158321052,25.203508697,23.738998026,35.739100226,65.728501282,90.107274447,2.3420790238,0,0,0,0,47.309018437
3117,Maubeuge,12.7,12.9,12.9,13.1,12.1,11.4,14.5,15,14.3,14.9,15.4,165.64891474,1,66.687109795,59.456755634,41.682339165,23.85649906,30.390111653,9.4876595477,25.021094471,23.554221952,23.394190979,24.229011261,34.952830189,71.259068352,100.90338924,6.876758083,0,0,0,0,48.497985115
3121,Arras,7,7.4,7.6,8,7.3,7,8.5,8.6,8.7,9.2,9.6,109.33637073,1,70.632589864,65.90399908,40.630773604,14.233265432,24.677990532,13.012414058,23.543088335,23.905800803,19.160672782,30.712063086,33.690873923,66.174170175,100.13405512,2.1050018574,0,0,0,0,50.080841053
3122,Lens - Hénin,13.6,14.6,15,15.5,13.9,13.3,15.5,15.3,15.1,16.3,16.9,1146.0091974,1,65.852886804,57.997393904,35.294722871,11.867109771,31.919567335,7.8073542389,27.682619037,21.49505981,26.218797115,21.444225015,46.733358034,58.536637764,103.29171716,3.0430680256,0,0,0,0,46.92629569
3123,Béthune - Bruay,10.2,10.7,11,11.5,10.5,9.7,11.4,11.4,11.1,12.1,12.7,421.22516795,1,67.774535441,61.095690647,34.401416182,28.09583928,28.788226667,9.7067216567,24.445597045,22.151477036,22.02830573,25.471003926,42.516708297,58.642423919,95.842981831,1.3342889008,0,0,0,0,48.973863863
3124,Saint-Omer,10.3,10.2,11.2,11.9,10.6,10,11.3,11.3,11.4,12.2,12.7,164.30075911,1,68.825083294,63.171471805,28.279891159,29.808461826,32.450794745,8.3573331108,24.057469148,21.789076493,22.059454598,25.655540244,33.434771103,71.205132929,96.887643946,1.5574069049,0,0,0,0,47.941239031
3125,Calais,12.5,13.4,13.5,14.8,13.7,13.2,15.3,15.6,15.3,16.2,16.7,235.30418771,1,68.454825149,61.772308623,35.150190382,12.541719551,27.534868286,9.0029432055,25.224496178,21.208818276,23.663129609,24.15564758,40.898470688,70.23842104,93.12073319,1.7067412509,0,0,0,0,48.212084077
3126,Boulogne-sur-mer,11.4,12.1,12.1,12.9,11.7,11.2,12.5,12.7,13.1,14.1,14.6,252.67847407,1,68.772146141,62.549830233,33.788737088,17.183855382,28.346829564,10.871325283,23.807525004,23.197283992,25.171231637,26.3023876,38.257716623,78.279890915,100.22352465,1.9205004336,0,0,0,0,49.869150346
3127,Berck - Montreuil,6.9,7.2,7.3,7.6,6.9,6.8,8.3,8.4,8.6,9.4,9.7,90.910507993,1,68.130912334,63.71549434,43.6757873,14.606995354,25.899901247,8.4256603831,22.279837141,24.958799036,23.140380409,25.36108173,32.016407599,77.275590959,97.592017513,1.6584979966,0,0,0,0,51.08021725
4101,Longwy,7.7,8.3,8.2,8.5,7.8,7.2,9.5,9.5,9,9.8,10.6,114.63032841,1,72.805406515,67.560748498,39.905688182,17.824933687,33.195670385,7.6634440539,23.12036764,21.981307162,23.786975255,24.316633701,39.642791383,40.568659739,97.59265272,17.060948741,1,1,0,0,45.361535898
4102,Lunéville,8.7,9.8,9.6,10.1,9,8.5,10,10.2,10.2,11,11.4,97.653855223,1,70.427618241,66.723432523,42.542274052,10.180758017,24.84297988,9.2531948672,25.402550769,23.015714443,23.579017358,24.188163703,37.48870822,53.102761886,95.972962681,4.1008271487,0,0,0,0,46.283043892
4103,Nancy,7.2,7.6,7.7,7.9,7.1,6.5,8.1,8.4,8.3,8.9,9.4,149.46949795,1,70.255779458,67.325466697,39.367784915,11.595673119,19.51491153,17.489908511,25.568002028,24.046938109,18.023071417,36.725362308,40.716874748,83.220418829,102.20496823,7.2622688842,0,0,0,0,58.002713424
4104,Bar-le-Duc,7,7.1,7.4,7.8,7.2,6.7,8.3,8.4,8,8.8,8.8,44.249599815,1,72.437848022,68.552757832,41.960708597,20.693150553,28.016212829,9.8827386116,21.191330586,27.868118043,22.181710844,24.321758788,30.185025818,75.554322345,93.56337547,3.5436483836,0,0,0,0,46.515696902
4105,Commercy,8,8.7,9.7,9.9,9.5,8.5,10.3,10.7,10.3,11.3,12,23.36825645,1,72.32987067,67.72501884,32.891618186,26.492135316,31.209589887,7.2702899034,23.590060522,25.0444464,23.925588486,20.352340192,30.42261405,61.682910519,93.196053868,3.3174533312,0,0,0,0,41.928793345
4106,Verdun,7.8,8.5,9.1,9.7,9.1,8.6,10.5,10.4,10.5,11.3,11.7,29.915787482,1,71.911828929,66.430010563,39.324425073,16.757469748,29.001551257,8.2156106788,24.746431493,25.622976247,22.374655561,22.735990974,27.697910677,77.250550411,93.753043786,3.8446225218,0,0,0,0,44.175827782
4107,Metz,7.1,7.6,7.8,8,7.3,6.9,9.2,9.3,9,9.6,10.3,169.13627486,1,72.831722777,68.831465216,35.02369724,15.02510849,23.476148806,14.298409102,24.529314091,23.657791992,18.963014484,31.916615723,43.956967558,73.038505145,95.626638367,7.9527526483,0,1,0,0,50.304968204
4108,Forbach,10.8,11.9,12.3,12.3,10.7,9.6,12.5,12.5,11.9,12.5,13.7,180.28763355,1,66.768568842,62.606852107,31.806795198,24.67758995,33.634763278,8.5926947399,24.729373846,23.781269155,25.048568308,21.643975023,44.430629708,65.905433446,104.40468445,12.486167768,0,0,0,0,44.972956025
4109,Sarrebourg,5.6,6,6.3,6.1,5.3,5.3,7.4,7.3,6.8,7.3,8,57.048527812,1,73.581387394,67.889854431,31.696359411,21.409759876,32.085243115,8.5643042199,24.011037949,22.641161975,23.217094159,21.956641279,33.560735266,69.302232302,99.287584224,4.4022315093,0,0,0,0,39.423505771
4110,Sarreguemines,7.6,8.1,8.2,8.3,7.4,6.9,9.2,9,8.8,9.1,10.3,106.03779281,1,70.860139125,66.224764837,29.228697008,30.327520204,31.070228133,9.9192412209,22.716059531,24.83109462,22.359768617,24.388064736,39.225500527,59.31157776,96.146737609,11.090868983,0,0,1,0,45.084359305
4111,Thionville,7.6,8,8.3,8.6,7.8,7,9.4,9.1,8.8,9.5,10.3,261.7954071,1,74.277608501,69.512886866,32.982958445,22.801168788,25.456553408,11.934148079,23.531073693,22.505620597,18.3575002,29.763563546,42.458340491,47.755745378,94.966025457,9.5317727239,0,1,0,0,47.537440234
4112,Épinal,8.8,9.1,9.6,9.7,8.6,8.2,10.1,9.9,9.8,10.9,11.6,71.253608265,1,71.867931321,67.941651314,39.285103797,21.868530512,27.49894942,10.524015585,23.10502055,25.37217426,22.517285673,25.82295258,35.587131795,78.162728863,95.971495277,3.5678194472,0,0,0,0,47.189890168
4113,Remiremont,7.6,7.9,8.2,8.5,7.6,7.2,9.4,9.1,9,10.1,10.7,90.827678333,1,73.168492705,69.196277306,24.471232066,28.668096435,31.7457698,8.7132987811,20.890183041,26.723968008,23.527859689,23.412854727,34.774647887,78.185574523,90.813266168,4.5946809814,0,0,0,0,45.705161383
4114,Saint-Dié-des-Vosges,10,10.5,11.4,11.9,10.5,10.4,13,12.4,12.3,13.4,14.2,76.573499324,1,71.37324811,67.617760436,29.316728374,30.355940761,32.838058543,9.3547829331,21.554366972,25.948100207,27.16392741,21.925487839,39.167275383,76.685138373,91.074877315,4.730424448,0,0,0,0,46.088410754
4115,Neufchâteau,7.6,8.3,8.2,7.8,7.1,6.6,8.5,8.8,8.9,9.8,10.7,32.154134596,1,71.661080186,68.142083229,31.552360598,30.768732595,32.868099805,7.108930016,22.127101991,27.003045264,26.540292581,21.504608016,29.590093937,77.533133977,93.033718976,4.5827859143,0,0,0,0,42.44169398
4201,Haguenau,5.9,6.2,6.2,6.1,5,4.7,7.1,6.9,6.3,6.7,7.3,159.01542913,1,76.468314322,72.378052959,23.27497611,33.950561636,32.919629074,10.015042019,22.204175125,23.615584315,20.123371375,24.050354015,41.164939793,57.246951314,100.09595922,7.362255458,0,0,0,0,42.880293066
4202,Molsheim - Obernai,4.6,4.9,5.2,5.1,4.3,4.2,5.9,5.8,5.7,6.2,6.8,146.44050968,1,76.926077453,73.616980019,17.051995163,38.505441354,27.584626131,14.10924551,21.642090344,23.965154051,17.284958383,29.858282655,36.609582802,56.482666487,100.52920699,5.9150829477,0,0,0,0,45.654861085
4203,Saverne,5.8,6.2,6.3,6.4,5.4,4.9,6.8,6.8,6.3,7.1,7.5,91.925101024,1,74.739297876,71.270754391,23.679640845,33.882512388,32.458964134,10.495826199,21.310154797,24.819495758,19.294542479,25.688630924,33.322286661,52.930995712,103.82854465,5.2854324429,0,0,0,0,44.576550392
4204,Sélestat,5.5,6.1,6.4,6.3,5.5,5.5,7.2,7.4,7.1,7.5,7.8,126.07678256,1,77.427833558,73.981039689,25.969491666,29.028637932,32.003616178,11.034217167,22.158585102,23.075300489,19.551039941,27.311514972,35.403203147,58.068306848,100.8438379,6.8625545766,0,0,0,0,41.530069458
4205,Strasbourg,7.3,8.1,8.6,8.8,7.9,7.4,9.3,9.5,9.1,9.7,10.2,662.86208739,1,71.99524304,68.681501237,32.481898013,11.001771684,19.427179063,21.443066914,25.934001423,23.117020305,17.760622296,40.865688574,44.881889764,81.333945711,99.839443847,16.083799666,0,0,1,0,56.047476435
4206,Wissembourg,5.5,5.9,6,5.5,4.4,4,6.3,6.2,5.5,5.9,6.3,117.38591841,1,78.707277011,73.597247612,24.352629762,34.284727817,39.283487336,9.4311563394,19.257559985,25.782603097,21.402312485,21.487060107,32.305673991,42.630858182,90.074355871,16.309646449,0,0,1,0,44.337338599
4207,Colmar,5.5,6,6.4,6.5,6.1,5.7,7.6,7.7,7.4,7.9,8.3,177.43236722,1,76.218901786,72.59035172,32.909913254,20.083584223,25.975344935,13.068372662,23.209215332,24.429610103,18.717410138,30.596717208,33.993818302,76.141244386,99.670565169,10.397884067,0,0,0,0,43.47263113
4208,Mulhouse,7.4,8.7,9.4,10.2,9.2,8.1,10,10.1,9.8,10.8,11.5,272.50454821,1,72.914177352,68.57533951,29.736862642,22.679190936,28.688605923,12.465616003,23.359704142,23.683481731,21.601429993,28.265326255,43.97727648,76.175866197,99.056369205,12.189672123,0,0,1,1,46.929481651
4209,Saint-Louis,4.7,5.9,6.5,6.7,5.9,5,6.4,6.5,6.2,6.6,7.2,156.57478956,1,77.252341618,71.627819988,26.684453797,25.256472887,28.977283013,14.034520212,20.49709869,25.09592723,19.158284485,27.76507287,37.307692308,42.191086282,101.66741921,15.387061995,0,0,0,1,44.477878027
4301,Besançon,6.7,7,7.2,7.3,6.7,6.3,8.1,8,7.5,7.9,8.3,87.551257388,1,73.327735548,69.952355649,39.020556807,16.456945709,22.594318621,15.469833435,24.575575806,23.772863422,18.360681454,35.988912104,39.25585117,82.351111346,99.348755602,7.2561834873,0,0,0,0,55.071640171
4302,Belfort - Montbéliard - Héricourt,8.4,9.4,9.6,10.6,9.3,8.5,11.3,11.1,10.3,11.4,12.1,145.02235637,1,71.844423838,67.181801345,29.5395316,31.526788749,30.119152151,12.966048509,23.598324453,24.207382167,24.352413401,27.970366011,43.09234073,84.285467078,96.842120129,8.5761011939,0,0,0,0,48.074660396
4303,Morteau,5.4,5.2,5,4.9,3.7,3.5,7.2,7.7,5.6,6,6.8,66.113563931,1,81.615679712,78.230029101,24.463605374,34.650090235,45.238904312,7.5621596498,25.101506356,22.195008835,24.730395532,22.326035924,27.372764787,50.458601609,98.276116104,7.1570459256,0,0,0,1,38.447557258
4304,Pontarlier,5.5,5.9,5.8,5.7,5,4.6,6.8,6.5,5.7,6.2,6.7,47.305964857,1,78.640551804,74.49137072,32.564750474,20.631711939,34.942969843,8.9448980064,25.423465631,21.054569623,19.231614734,27.725618433,31.905465288,61.295722471,103.6617175,6.624217337,0,0,0,1,41.799387127
4305,Dole,7.1,7.1,7.2,7.5,6.6,6.6,8.9,8.4,7.8,8.5,9.2,79.184165194,1,72.938899003,68.445680636,33.234421365,25.344165005,29.504017804,9.5758177056,22.690886989,25.143638447,21.422277973,26.093501572,38.679069767,73.869432665,96.903092947,5.6205637332,0,0,0,0,45.881799688
4306,Lons-le-Saunier,5.3,5.6,5.8,5.9,5.2,5.1,6.7,6.6,6,6.2,6.5,48.00932647,1,73.609966821,70.130495478,35.734583343,21.786121973,28.46858837,10.353776024,20.501990798,27.041215172,21.107759915,26.344395562,30.398876868,79.51939641,101.46236038,4.5196582315,0,0,0,0,48.286351515
4307,Saint-Claude,7.1,7.5,7.5,7.1,6.7,6.6,9.9,8.8,7.2,7.6,8.2,45.239251982,1,77.512372892,74.040723682,25.402144772,42.138069705,36.502778414,9.7158423376,21.411343911,25.012363076,25.648851281,25.534766966,33.600844773,66.550387719,90.963435289,12.257430751,0,0,0,1,48.392106524
4308,Gray,7,7.2,7.4,7.5,6.6,6.3,8.5,7.8,7.7,8.8,9.6,31.01060872,1,72.507355061,67.909751994,33.260758197,28.265881148,32.12315279,8.0912116686,21.450507224,26.668450646,27.799925366,20.705335718,28.0213496,70.054737916,96.430666927,4.458140566,0,0,0,0,46.931310448
4309,Vesoul,6.4,6.9,7.5,7.9,7.1,6.8,8.9,8.3,8.1,9.2,9.7,42.674558768,1,73.188201772,68.786130058,37.386565071,24.53369315,31.676382254,8.4158532672,22.679152913,26.349001882,26.203781704,22.493767668,33.014061545,80.695533662,94.383580641,4.8947588797,0,0,0,0,42.579634667
5201,Ancenis,5.1,5.3,5.5,5.7,4.8,4.5,7,6.7,5.6,5.9,6.2,75.339628893,0,77.620949252,74.496519061,21.883512025,33.184584178,32.691918728,9.4679963025,22.691944493,21.676025676,20.708465896,25.347277166,33.054731734,60.205470799,106.35526055,2.1057332546,0,0,0,0,42.29070469
5202,Châteaubriant,6.5,7,7,6.6,5.7,5.3,7.8,8.4,7.3,7.9,8.4,49.583019514,0,74.101389681,70.13371702,33.300723929,26.6484054,35.325407867,6.9211844451,22.249614004,24.7375976,22.82798842,20.163366103,28.527980535,67.900967099,98.225430483,3.9802145973,0,0,0,0,45.469256451
5203,Nantes,7.3,7.5,7.4,7.3,6.5,5.8,7.5,7.5,7.2,7.6,8.1,202.49550885,0,74.857493534,72.16283004,29.429961662,13.434837449,21.133136235,18.275331996,24.033478831,22.385505338,14.207088872,38.708341255,42.800518522,85.268974996,105.47244629,4.9150753074,0,0,0,0,54.65393374
5204,Saint-Nazaire,8.3,9.3,8.6,8.4,7.5,6.2,8.5,9.1,8.3,8.7,9.5,180.56740574,0,71.609663758,68.891044543,30.506658679,21.19141975,27.257464014,10.832143053,21.728383044,23.649259987,17.235007465,27.442579571,42.554741398,80.430990495,102.86300557,3.1161371496,0,0,0,0,47.749161148
5205,Angers,8.1,8.3,8.1,8.2,7.5,6.8,8.6,8.6,8.5,9.2,9.8,130.51751077,0,72.900373374,69.543314223,34.775266792,14.885750157,23.579245958,14.822506309,24.698490023,23.688517505,18.645645314,34.177599856,37.539843524,82.673019483,101.75508428,4.5715270192,0,0,0,0,55.815724771
5206,Cholet,5.6,5.8,5.9,5.9,4.9,4.6,6.7,6.4,6,6.8,7.3,120.67350751,0,76.552738265,73.207622168,23.801048294,30.875634162,33.960869715,8.7146552278,23.916978685,23.248389522,22.079515999,25.144113419,31.756709897,78.51785173,100.95274075,3.858640488,0,0,0,0,43.669366859
5207,Saumur,8.2,8.6,8.4,8.9,8,7.4,9.3,9.3,9.2,9.9,10.2,78.108227918,0,73.482205443,69.134687833,31.432129514,21.633161359,31.689549077,8.7185975016,22.750807455,24.757092617,27.580780281,22.20962386,31.15595892,75.582736632,101.08131488,2.7414001289,0,0,0,0,41.39134784
5208,Segré,4.4,5.1,5.3,5.4,4.8,4.6,6.7,6.2,6.1,7,7.4,49.380865176,0,75.694062287,72.734146467,28.664787289,39.582265505,38.370951935,6.1820999461,22.844638369,24.698033708,25.244469686,18.679095542,23.598435463,68.626606148,101.45226131,2.1885903352,0,0,0,0,43.92972622
5209,Laval,5,5.3,5.4,5.5,4.8,4.7,6.4,6.2,5.8,6.5,6.9,69.254908071,0,76.057021362,73.797540633,30.651153191,23.702337341,29.328916682,10.330331213,22.367614179,23.726935268,21.63584258,27.123898534,25.769845773,82.90831869,97.708141829,3.5622819147,0,0,0,0,48.83158473
5210,Mayenne,4.7,5,5.4,5.1,4.5,4.4,5.7,5.7,5.3,6.1,6.7,44.836913286,0,74.131930567,70.373545308,29.267678358,31.830489264,33.037263347,6.8114795555,22.268246346,25.272545014,24.157227482,21.824351058,19.866412214,73.399849638,92.749977129,2.8981772968,0,0,0,0,46.277282169
5211,La Ferté-Bernard,5.9,6.3,6.1,5.9,5.1,5.4,7.4,6.6,6.7,7.7,8.6,53.891023564,0,75.909198206,73.756109822,16.888348408,51.972334119,37.607005673,8.2847039123,21.733972007,23.859081955,25.570059013,20.06625542,28.256812243,67.520405218,95.438638116,2.8037735448,0,0,0,0,45.828154747
5212,La Flèche,6.8,7.2,7.5,8.2,7.6,6.9,9.4,9.1,8.5,9.3,10.1,55.175147401,0,71.91249985,69.965650273,27.207620637,28.375747462,33.769478159,8.5350770465,20.543816971,26.766905474,26.981990046,20.071967868,29.581395349,63.311442775,97.134175093,1.8467639835,0,0,0,0,48.267316843
5213,Le Mans,6.7,7.2,7.5,7.9,7,6.5,8.8,8.8,8.5,9.2,10,113.32479979,0,73.713720083,71.020740866,33.222984853,17.101807508,25.973769105,12.035935168,23.540782291,23.74442764,21.106175463,28.117155781,36.489082969,83.212211578,98.388183218,4.1494940422,0,0,0,0,48.489231998
5214,Sablé-sur-Sarthe,5.6,6,6.1,6.7,6.2,6,8.3,8.1,7.3,8,8.3,58.833745754,0,75.938506481,73.003719166,25.550819909,47.294661562,40.59994628,7.41110627,22.577914654,22.760572257,27.572233648,20.175111588,28.457350272,71.412415128,99.971692238,3.5754323904,0,0,0,0,46.132527233
5215,Challans,7.4,7.6,8,8.1,7.2,6.7,9.2,9.1,8.6,9.3,10.2,115.7857246,0,71.8231823,68.21249841,25.34587214,21.611357266,29.557609747,7.3250444934,21.690933717,23.800909033,20.984594676,20.801897641,39.692064745,79.725482913,101.27671783,1.646712788,0,0,0,0,40.037376963
5216,Fontenay-le-Comte,6.9,7.2,7.1,7.1,6.2,6,8.1,8.3,8.2,9.2,10,62.902356841,0,74.220209405,70.545345941,31.988058381,25.757408226,31.088648148,7.3982757555,21.938895517,25.610533542,21.706166448,21.81920585,31.887477314,68.419139578,97.488285702,2.9660675028,0,0,0,0,41.388225642
5217,Les Herbiers,4,4.3,4.1,4.2,3.4,3.4,5.6,5.1,4.7,5.3,5.5,87.021517554,0,79.154990792,76.224219856,14.953677526,40.689835153,39.864775603,6.495421536,24.411426479,22.835881399,20.62464419,22.078129143,29.336090053,66.413779862,104.28448373,1.9929864541,0,0,0,0,38.519668658
5218,La Roche-sur-Yon,5.8,6.1,6.2,6.3,5.7,5.6,7.8,7.5,7.1,7.7,8.4,84.841091379,0,74.202465255,71.110424026,30.878757696,21.731256791,29.407478618,9.7166269454,23.278533154,23.962288324,18.749401326,26.696173581,38.169688328,78.683002687,103.11480273,2.4165651994,0,0,0,0,47.631668993
5219,Les Sables-d'Olonne,8.8,9.3,9.3,9.1,8,7.6,10,10.2,10,10.5,11.2,182.89403955,0,68.599879593,65.472837111,33.140229336,9.5556617296,23.435066019,11.081655915,19.462879281,28.404362156,19.551589641,26.234886066,46.019206939,70.842417841,102.52390057,1.9044510217,0,0,0,0,47.951298962
5301,Dinan,8,8,7.7,7.9,7.2,6.5,8.2,8.7,8.6,9.5,10,146.64695738,0,72.456109544,69.133540092,34.202141782,15.421718736,23.675581996,11.491715128,19.830680321,26.206374064,17.799368557,30.062726816,39.896438495,61.698017674,100.67029602,2.6813974849,0,0,0,0,49.869689542
5302,Guingamp,7.4,7.8,7.7,7.8,7.2,6.4,7.7,8,8.4,9.2,9.9,65.315247235,0,69.778255609,66.77890791,38.404645054,20.577866869,27.800481709,8.5423458231,21.376195617,25.770807805,18.44789796,26.763788868,28.361702128,64.585120734,94.107170119,2.5277560402,0,0,0,0,51.369027696
5303,Lannion,9.4,9.4,8.8,8.4,7.5,6.9,8.2,8.5,8.1,8.8,9.5,127.41789779,0,68.87971164,66.432097137,34.428473648,12.5,18.98407479,17.691396689,18.265416417,28.805928236,14.570146066,36.101731268,34.816559246,77.799119094,97.189619197,2.5766440622,0,0,0,0,56.562680501
5304,Loudéac,4.3,4.6,4.7,4.9,4.1,4.1,5.3,5.5,5.7,6.2,6.8,48.697719926,0,73.206627014,69.476840172,24.613198611,27.976002526,37.662025069,5.4781498405,20.414242685,26.230249504,20.240129632,21.683981978,21.514453825,70.64328085,94.316887477,3.2806309559,0,0,0,0,48.477761785
5305,Saint-Brieuc,6.4,6.6,6.8,6.9,6.2,5.8,7.3,7.4,7.5,8.1,8.8,109.25178044,0,72.727225119,70.118085645,35.347647838,16.175252609,26.368847521,10.377340343,21.077854886,26.09272162,17.228537708,29.566592767,32.044570745,82.770713894,101.99763294,3.3426206775,0,0,0,0,49.837486349
5306,Brest,7.1,7.5,7.5,7.6,7,6.4,7.8,8,7.8,8.4,8.9,193.26960961,0,71.446910969,68.374380022,33.532838328,13.470586952,21.587741367,14.979445179,23.705081828,23.28726505,13.034244334,36.060630245,34.064733606,87.855306974,100.5677057,3.203267485,0,0,0,0,56.064202453
5307,Carhaix-Plouguer,5.7,6.2,6.7,6.7,6.1,5.6,6.9,8,8.1,9.2,9.7,33.223061699,0,69.66041187,66.652369875,38.302851695,19.693161134,30.226842503,6.4364408081,19.568196956,28.940307096,19.487956687,24.986868669,25.434218407,73.88789393,96.567405931,5.2377138672,0,0,0,0,49.000179603
5308,Morlaix,7.3,7.8,7.7,7.9,7.5,6.9,8.1,8.5,8.6,9.1,9.5,75.214670804,0,72.559779712,69.814477829,36.380656651,15.859171652,24.916539465,9.8098794609,20.85945969,26.686154131,14.650280128,31.065776519,27.785315845,70.598777814,97.06759269,2.9854406084,0,0,0,0,50.467336641
5309,Quimper,7.1,7.5,7.5,7.6,6.9,6.4,7.7,7.8,7.8,8.6,9.2,113.24825073,0,71.775369968,69.257779096,36.354730034,17.947436295,25.545622241,11.372617002,18.655941409,26.839286034,15.0450271,31.532409295,32.792048716,85.144571476,102.39596264,2.7725060315,0,0,0,0,54.965333158
5310,Fougères,5.3,5.4,5.6,5.8,5.3,5,6.8,6.8,6.4,7,7.5,89.832405248,0,74.803130028,71.263400486,29.333143075,29.328386606,32.713141257,7.6752385747,22.395604619,24.203167752,22.05376644,24.054887252,23.576206834,72.202476882,94.768528906,2.2247571403,0,0,0,0,47.321531763
5311,Redon,7.5,7.2,7.5,7.4,6.9,6.3,8.3,7.9,7.7,8.8,9.4,83.85404157,0,72.068935247,69.669722462,30.187059184,27.316773996,34.111947583,9.1071897877,19.209064741,24.513401912,20.726030774,23.420768592,34.820183998,64.426249617,99.178459493,3.034388128,0,0,0,0,51.546304758
5312,Rennes,6.3,6.1,6.2,6.4,5.7,5.1,6.7,6.9,6.7,7.5,8,138.04423533,0,73.598652629,70.862816406,32.052982414,13.900477117,21.846311446,18.599512103,24.553725268,21.528311799,14.563382122,39.315969091,37.639414377,85.150633867,104.90102779,4.776039289,0,0,0,0,57.693277395
5313,Saint-Malo,8.3,8.3,8.2,8,7.3,6.6,8.5,8.6,8.2,9.3,9.5,197.25276823,0,71.566771459,68.973902529,33.924818351,11.280249805,24.56714629,11.521598541,22.368641668,26.094629587,19.580542127,28.038956019,37.266887692,74.708027591,102.34233339,2.4194258394,0,0,0,0,46.889471072
5314,Vitré,4.2,4.3,4.3,4.5,3.9,3.7,5.1,5,4.5,5.1,5.6,87.483559063,0,79.335024322,77.754614701,20.264383356,39.09168294,33.959756745,9.5481298124,23.706184592,21.723305201,18.137148166,27.207633128,26.997312485,65.370422229,110.25131977,2.4245414382,0,0,0,0,46.465477772
5315,Lorient,8.5,8.6,8.5,8.6,8.1,7.5,9,8.8,8.4,9.1,9.7,157.51474066,0,70.544112303,67.837135814,31.56859026,20.280715065,26.029516317,11.567444487,20.558754285,25.122260769,15.979795711,29.392749407,37.528503771,81.176249111,102.69936318,3.094930776,0,0,0,0,53.96675904
5316,Ploërmel,5,5.2,5.4,5.8,5.2,5,6.7,6.9,7.2,7.5,8.1,53.102697639,0,74.465148232,71.343955371,32.902938557,29.145146928,33.166244396,7.3156928502,19.850293816,24.551567118,18.709125894,24.893967649,31.25,62.7272333,99.993093446,3.0509048156,0,0,0,0,49.932930221
5317,Pontivy,5,5.4,5.4,5.4,5.3,5,6.5,6.8,6.5,7.3,7.8,54.47044733,0,74.212112725,70.876703111,34.278689462,26.084967694,31.521556026,8.1982035304,20.058115849,27.29904692,17.145261251,26.309380866,24.829027356,70.969245503,99.937390993,3.6668804867,0,0,0,0,52.107000167
5318,Vannes,7.1,7.3,7.1,7.2,6.4,6,7.8,7.9,7.7,8.4,9,120.4540157,0,71.772316836,68.796722062,33.289379759,15.178854695,24.096658483,11.754043146,20.448402778,25.050573556,15.92359689,31.10831275,37.357786758,80.607994034,103.17901186,2.5783807154,0,0,0,0,53.57991491
5401,Thouars - Loudun,6.9,7.1,7,7.2,6.2,6,7.7,7.7,7.4,8.2,8.4,41.658877762,0,74.354068184,69.981576606,29.001375516,28.748280605,35.134170634,6.8785727153,20.657239808,26.836586455,25.390451313,18.971854625,26.602282704,71.254201434,99.411864985,2.22240866,0,0,0,0,43.005515062
5402,Châtellerault,8,8.3,8.9,8.8,7.4,7.6,10.1,9.7,9.3,9.9,10.1,75.395672806,0,73.113066733,69.787441881,27.818782368,33.703054276,29.709534501,9.6334626645,21.130682845,27.828588884,24.118266531,23.181062059,37.728161669,72.679742579,95.479221265,4.5929880951,0,0,0,0,44.773452978
5403,Angoulême,8.3,8.6,8.7,8.7,8.1,7.7,9.2,9.1,9.4,10.4,10.7,56.12193954,0,72.880430273,69.70349685,35.201589937,20.21231474,26.636479562,10.704360992,20.662292879,27.190831761,20.07597311,25.841292151,33.098918083,84.547884671,97.698940857,5.1470636196,0,0,0,0,47.303091223
5404,Jonzac - Barbezieux-Saint-Hilaire,8,8.1,8.3,8.2,7.3,6.6,7.9,8.5,8.6,9.2,9.4,36.39533862,0,72.427398281,69.548408711,35.813072308,16.905588885,31.751546242,6.1651403447,19.919795083,27.828695308,25.235410807,18.247202286,27.257778902,66.639425061,99.360115468,2.9202831277,0,0,0,0,39.52356271
5405,Cognac,7,7.3,7.4,7.3,6.6,6.4,8.5,8.3,8,8.5,8.9,69.28576907,0,74.926912265,71.474262911,22.6560967,29.912483811,31.901623662,7.9954391604,20.184660699,27.904613601,22.666674729,21.937303023,27.395715896,75.797192348,99.172957204,3.0722306968,0,0,0,0,42.503277795
5406,Saintes - Saint-Jean-d'Angély,8.1,8.5,8.8,8.9,8.2,7.6,9.4,9.8,9.7,10.2,10.5,64.153748255,0,72.708266913,70.496941934,35.885222713,10.764700788,24.146231888,9.9184943395,20.500540835,26.608759626,21.291510579,24.588902818,35.68489628,72.827148712,100.10490547,2.8548979827,0,0,0,0,44.861242764
5407,Royan,9.9,10.5,10.7,10.4,9.3,8.5,10.3,10.5,10.3,11,11.8,110.61905425,0,69.063383886,66.451581071,34.753883397,7.2574137583,20.644701687,8.8542983625,18.939775874,29.042586031,23.565787208,21.961568428,42.429317309,75.983929808,101.32770952,2.24641671,0,0,0,0,43.423391684
5408,Rochefort,10.1,10.7,10.9,10.8,9.5,8.7,11.1,11.1,10.6,11.3,12,116.8385444,0,72.159695485,68.661422758,34.951565247,13.150316041,23.044776094,9.0379841039,22.381823707,25.266492251,22.255499659,23.822039817,40.978108989,74.02645158,102.4685096,2.5430752877,0,0,0,0,40.792154725
5409,La Rochelle,9.4,9.7,9.6,9.3,8.4,7.9,9.7,9.5,9.1,9.8,10.6,185.18737859,0,71.392934484,69.092677479,34.694313541,13.393653786,20.329278888,14.32721288,21.893076935,25.846918263,18.811446684,32.611289939,45.190147115,84.415142122,102.39829584,4.3333768008,0,0,0,0,55.754344956
5410,Niort,6.3,6.3,6.2,6.3,5.7,5.4,6.8,7,6.7,7.3,7.6,69.965609962,0,75.391312155,73.175193032,31.142306151,11.524494089,23.285750131,13.595066227,21.493783382,25.16620277,18.977427769,30.853588126,33.367358512,86.102158337,102.01488991,3.7488635385,0,0,0,0,45.392307236
5411,Parthenay,6.5,6.6,6.5,6.8,5.6,5.7,7.6,7.6,7.2,8,8.5,56.308825062,0,74.087542069,71.051042873,34.764712426,19.646234286,29.380904011,8.1628934953,21.133031134,26.657797392,22.097314104,24.339624577,27.615780446,64.830227817,94.941440319,3.3795418721,0,0,0,0,41.997600153
5412,Bressuire,5.9,5.4,5.3,5.9,4.7,4.5,6.3,6.2,5.8,6.6,7.1,54.239408113,0,75.532094421,71.947916866,25.931282321,35.70426856,37.442859831,7.3140991538,22.407879275,23.990911521,22.159720609,22.269473747,23.838196696,72.903439191,96.672325976,4.5609352946,0,0,0,0,44.973557142
5413,Poitiers,6.3,6.7,6.9,7,6.3,5.9,7.2,7.4,7.3,7.6,7.9,60.007471269,0,71.675419879,69.136317746,40.64738172,11.245098893,20.029158387,14.797177805,24.376481504,24.364240199,17.369058836,34.332305543,35.896279594,84.154153397,101.41505295,5.1975566856,0,0,0,0,56.218889107
7201,Bergerac,8.3,8.7,8.9,9,8.2,7.9,9.7,10.1,10.6,11.5,11.9,57.020051328,0,70.697097969,68.152999891,36.384993237,13.953157258,24.197022258,8.5143310391,18.923651378,29.542128125,22.972999776,24.383344773,35.412621359,80.069875641,98.141758809,6.6013142745,0,0,0,0,44.597912404
7202,Périgueux,7.1,7.5,7.7,7.6,7,6.6,8.1,8.5,8.8,9.7,10.1,45.141752748,0,72.33160127,69.539167277,39.313632301,13.981301517,25.755026827,9.0861696746,20.485804163,27.505669451,22.385125638,23.939443123,33.710622131,83.001456834,98.493514052,5.653504975,0,0,0,0,45.295365356
7203,Sarlat-la-Canéda,8.4,8.7,8.6,8.6,8,7.4,9.2,9.2,9.4,10.1,10.3,36.789276851,0,72.877099554,69.884458183,34.863945578,14.471243043,23.024178805,8.1457799423,19.031971673,29.500517332,24.406866211,22.948990719,35.718924536,77.358970414,100.16477273,7.4355469876,0,0,0,0,42.254069166
7204,Bordeaux,8.7,9.1,9,8.6,7.7,7.1,8.4,8.8,8.9,9.5,9.9,178.97369798,0,72.999296182,70.10088912,31.806253411,10.895310485,18.700634939,18.271155521,22.958061455,23.925727201,17.421102005,37.986258253,45.525835763,87.938107135,105.08711091,7.8372136746,0,0,0,0,57.133037753
7205,Libourne,8.1,8.4,8.8,8.8,8.1,7.8,9.5,10,10.1,10.9,11.2,87.418943463,0,73.535324979,70.168061748,33.778968756,15.798462852,29.926654617,8.1403903264,21.12475094,25.686895709,25.959850292,21.93540281,34.953328705,66.939609553,99.777845334,5.1496321941,0,0,0,0,44.474772817
7206,Pauillac,9.1,9.7,10,9.6,8.8,8.2,9.5,10.2,10.4,10.7,10.9,34.743144346,0,71.268277462,68.317526487,28.91145668,6.7597588067,34.130963141,6.5373893273,21.018322954,25.038149063,29.356311642,17.459501909,38.887993554,73.618511443,109.82746179,5.642859994,0,0,0,0,39.454900414
7207,La Teste-de-Buch,8.6,9.1,9.7,9.5,8.2,7.7,9.2,9.5,9.7,10.3,11,41.8022909,0,72.546438798,68.972122282,31.41174259,14.593646218,22.263230132,11.562712457,19.041558105,26.02427347,19.932825935,27.030772522,47.083198446,68.811971004,106.95151544,4.7570648087,0,0,0,0,49.408147599
7208,Dax,8.2,8.4,8.3,8.2,7.6,7.2,8.8,9,9,9.8,10.3,57.593571809,0,73.653579363,70.505335494,30.573038792,18.927146324,26.340125867,9.4387813258,19.461434552,25.020881026,19.138077603,27.171964622,42.473874598,77.122327851,105.02139272,5.774960015,0,0,0,0,47.184189326
7209,Agen,7.9,8.2,8.2,8.5,7.6,7.1,8.3,8.6,8.4,9.2,9.5,75.799726054,0,74.186530836,71.131181144,37.568656893,14.009957719,22.932852632,11.23703535,22.244362213,26.2098234,20.736568736,28.891405006,34.667780491,83.53724477,102.30866438,8.2881599239,0,0,0,0,47.064329111
7210,Marmande,8,8.2,8.1,8.2,7.2,7.1,8.7,9,9,9.6,10,48.943966728,0,71.316024638,67.684151144,31.979537367,16.68594306,29.235554381,8.0545596049,20.571646964,27.813711819,25.835919203,21.287876032,30.505434209,76.510662499,96.679267418,8.4200107095,0,0,0,0,46.858184909
7211,Villeneuve-sur-Lot,8.7,8.9,9.1,9.2,8.4,8.1,10,10.6,10.6,11.1,11.4,54.251550781,0,69.673154291,66.843580113,35.627833465,15.389094539,25.021065744,8.326219853,20.015723094,28.061726367,24.770180192,22.274558915,31.9160436,79.097735648,93.775833459,10.207427539,0,0,0,0,46.09849768
7212,Bayonne,7.8,7.7,7.5,7.3,6.9,6.5,7.9,8,8,8.7,9,121.28161066,0,73.562897281,71.001175801,31.84225181,14.742064497,21.065036491,12.365444957,20.107051773,25.007721373,14.42484124,34.352499777,38.402922756,85.395810113,105.20424211,7.6436788447,0,0,0,0,52.484891529
7213,Oloron-Sainte-Marie,6.4,6.5,6.2,6.4,5.8,6.1,7.4,7,6.8,7.3,7.4,25.068520902,0,73.207561082,70.438331445,36.929107021,28.374233129,26.948467005,8.5757227282,18.394749332,29.036020589,16.778082047,27.01454097,23.291592129,74.371399921,97.353586898,3.8401645888,0,0,0,0,51.037274607
7214,Pau,7.3,7.6,7.4,7.1,6.6,6.2,7.5,7.6,7.5,7.8,8.2,88.492395403,0,73.142192052,69.290842908,33.637874492,16.033736524,20.945142876,14.344467442,20.459322535,26.140385626,14.341086621,34.78858833,31.799386796,84.85727874,100.81771917,7.012980597,0,0,0,0,55.739915018
7301,Foix - Pamiers,8.1,8.5,9.1,9.5,8.8,8.2,10,10.3,10.4,11.4,12.1,37.834698496,0,71.954055954,68.873769297,39.772405772,18.861400145,22.087319383,9.6513508027,20.239169327,26.181536522,21.234934539,26.985378761,39.710571499,81.188019732,97.419293851,8.4472086376,0,0,0,0,47.965800594
7302,Saint-Girons,8.6,9,9.4,9.5,9.1,8.8,10.7,10.7,10.9,11.9,12.6,20.674948188,0,70.487432036,68.333877647,45.418326693,18.202191235,20.701311025,7.833341474,17.379376528,29.904652989,18.230458145,28.759786399,31.354715175,73.475445228,97.013851412,6.3483421713,0,0,0,0,48.554852058
7303,Millau,7.1,7.1,7.2,7.7,7,6.7,8.3,8.6,8.5,9,9.8,22.422541938,0,74.013525849,70.902612416,38.89924812,15.097744361,22.301860355,9.041460427,18.25894596,28.5472368,18.877584015,27.99948337,28.93748323,84.894300174,101.34042061,4.9370092297,0,0,0,0,50.453089549
7304,Rodez,4.4,4.5,4.5,4.7,4.1,4.1,5.2,5.4,5.2,5.8,6.4,35.390073368,0,75.073969875,72.783861308,35.704824633,17.514923884,22.781193007,8.8249728459,19.496959441,27.613236974,17.494109565,30.406212365,24.207652604,88.015269316,99.611061306,4.4802822922,0,0,0,0,50.326692991
7305,Villefranche-de-Rouergue,6.1,6.3,6.5,6.7,6.2,6,7.5,7.5,7.3,7.9,8.6,32.653989141,0,73.086425356,69.496795207,35.34814182,22.266125587,22.544199165,8.9189201974,18.212038678,29.469860098,19.524946689,27.302777834,27.18393923,76.218524508,100.15280006,6.1294159755,0,0,0,0,50.175593229
7306,Saint-Gaudens,7.8,8.2,8.6,8.7,8.2,8.1,9.8,10.1,10.2,10.9,11.1,37.110729385,0,72.066776312,68.966830273,42.831469649,11.455005325,20.372866926,9.497044602,18.60450403,29.200061889,20.995600438,25.311223036,31.802262931,74.807458855,95.51889095,6.2248763186,0,0,0,0,48.834635097
7307,Auch,5.6,5.9,6.1,6.3,5.7,5.5,6.6,7,7.2,7.7,8.5,29.660001392,0,73.091976538,69.97682844,42.136027098,9.6130211924,21.671810075,9.915066381,18.675335452,30.385694187,19.461518625,28.264448161,24.842448796,80.698612971,96.720488763,6.3080601894,0,0,0,0,51.947416685
7308,Cahors,7.8,8.3,8.5,8.5,7.7,7.4,9,9.5,10,10.6,11,33.824285232,0,71.119324258,69.234468168,44.68314054,11.736674225,19.413825042,11.535526188,17.605193234,30.87628041,20.465448437,28.876537146,30.718845867,82.4701901,93.669147109,7.8387529262,0,0,0,0,51.875662016
7309,Figeac,6,6.2,6.3,6.7,5.6,5.3,6.5,6.6,6.8,7.5,7.8,37.131563118,0,72.749722665,71.202574498,32.471340976,28.916733316,22.393450971,11.444043674,18.943020045,26.996955447,16.552576093,30.008231322,27.77666999,77.042066567,97.283634403,5.7785389892,0,0,0,0,51.135724198
7310,Tarbes - Lourdes,8.9,9.2,9,8.9,8.3,7.7,9.8,9.9,9.9,10.8,11.3,51.435377747,0,71.523289046,69.410731404,38.913455464,14.828002067,21.192125356,10.286425932,19.197431423,28.354329217,17.110469827,28.976252503,31.602891906,85.146044951,97.021355496,6.2037486798,0,0,0,0,53.625672318
7311,Albi,7.7,7.9,8,8.6,8.1,7.7,9.3,9.7,10,10.6,10.9,70.428595558,0,70.892624222,67.958902574,40.987311657,11.929024584,19.307896159,12.061239966,21.17852361,27.075291098,17.931919944,31.499692635,35.245765065,81.500702292,99.406351101,6.3443839392,0,0,0,0,52.999142834
7312,Castres - Mazamet,9.5,9.8,9.9,10.3,9.5,9,10.3,10.3,10.5,11.1,11.5,62.498175019,0,71.965541013,68.146331158,33.347831997,21.881201577,24.921990197,9.9322151132,20.667266849,27.632324688,20.977560605,25.92452364,33.634607957,82.446867269,96.908602151,6.6624676298,0,0,0,0,50.048455099
7313,Montauban,8.4,8.7,8.8,9.3,8.7,8.1,9.5,10,10.1,10.7,11.4,65.087540494,0,72.307447022,68.422460776,37.325113821,13.198298495,24.127126147,9.8677206606,20.311809092,25.459582281,23.111211467,25.97957425,36.521125005,79.651156361,102.76877536,8.5811526212,0,0,0,0,47.77056261
7401,Tulle,4.4,4.8,4.8,4.5,4,3.9,5,5.1,5.2,5.9,6.4,29.097434262,0,72.828223461,70.847574437,46.419431599,13.82391236,23.550021506,9.0620798041,20.305173916,28.403770422,19.545857555,25.48957395,23.881682628,77.786758143,96.099416524,5.2360853216,0,0,0,0,46.772267292
7402,Ussel,6.5,7.1,6.8,6.5,6.1,5.8,7.4,7.3,7.1,7.5,7.5,20.750209365,0,71.582468988,69.082391435,45.646520337,17.486736711,27.646424761,6.3793392627,19.661395503,29.186685554,20.024986884,24.052127582,20.738707262,80.731042204,95.299111076,5.796946475,0,0,0,0,50.576987594
7403,Guéret,7,7.4,7.4,7.3,6.9,6.7,8,8.5,9,9.5,9.9,22.026536615,0,71.537937298,69.160615279,47.175159441,13.747342653,22.639226339,8.7236490021,18.724138483,29.871680118,20.232890991,23.612295441,23.250457286,85.010387836,95.378046288,4.410570285,0,0,0,0,47.130316717
7404,Limoges,6.5,6.9,7.1,7.4,6.8,6.4,8.2,8.5,8.6,9.2,9.7,67.854417948,0,71.259846246,69.132787398,39.456155731,15.585341275,22.314183595,13.141720552,21.743081451,26.003975066,18.744354571,32.034603036,32.852533688,89.016552334,96.913885841,7.2455184861,0,0,0,0,54.422245059
8201,Ambérieu-en-Bugey,5.8,6.1,6.1,5.8,5.1,5,7.1,7.2,6.8,7.4,7.4,97.370287018,1,77.000635783,73.278385714,19.656248733,33.130649803,26.93878426,12.742189185,22.336503351,21.817400712,19.750800532,28.896133214,42.720698595,56.565282733,106.33387187,5.7848813433,0,0,0,0,45.531413486
8202,Bourg-en-Bresse,4.7,5,5,5,4.5,4.6,6.8,6.7,6.1,6.8,7.3,103.90466531,1,75.497820029,72.997206116,38.876573433,16.94006978,25.782773977,11.531732061,23.006891132,24.005174017,19.233463665,29.66655846,34.277291406,78.213717725,101.60989801,6.7913547983,0,0,0,0,46.048607372
8203,Oyonnax,7.1,7.4,7.5,7.5,7.2,7.4,10.7,9.2,8.3,9,9.2,80.459671803,1,74.378363173,69.328651761,22.368475861,42.458449619,37.470120021,9.6220482116,22.028500093,23.998846505,31.021400426,23.656333076,36.598130841,82.775937183,89.481163356,21.379755133,0,0,0,0,45.452448798
8204,Annonay,7.9,7.8,7.9,8.2,7.3,6.8,8.6,8.5,8.2,8.9,9.3,102.44867919,0,72.63150541,69.808718878,36.4384835,28.298253768,30.467015897,9.9963173089,20.87039789,24.803663234,20.227814372,28.691389567,36.556829035,69.936260921,97.57435594,5.1281295903,0,0,0,0,50.309612418
8205,Aubenas,10.1,10.3,10.5,11.2,11,10.4,12.3,12.1,12.1,12.8,13.5,38.177623526,1,70.447867783,67.51156788,42.142180911,11.88570445,21.233418989,9.7603100665,18.523810492,27.453512751,20.687548265,28.485870882,36.382213503,81.688194001,103.60896018,6.2334944412,0,0,0,0,49.374456938
8206,Montélimar,9.1,9.3,9.6,9.9,9.6,8.9,10.2,10.4,10.2,11.1,11.5,55.897311392,1,72.853658675,67.850801274,25.716713062,23.96153429,23.079694725,11.622001178,20.541686877,26.52310483,22.188484086,29.109611253,38.728466361,77.188355851,105.7991926,7.7831124526,0,0,0,0,46.279224808
8207,Romans-sur-Isère,10,9.9,9.8,9.8,8.7,8.4,10.3,10.2,9.9,10.5,11.1,149.74293288,1,73.609018656,69.886625434,30.49707486,23.775221873,25.625529706,12.223949316,20.85248973,25.281055024,22.297760629,30.770541749,42.466440848,64.064781474,100.82858279,6.8861800574,0,0,0,0,49.81840576
8208,Valence,8.4,8.6,8.5,8.2,7.4,7.1,8.6,8.7,8.7,9.5,9.9,75.288240583,1,73.38150789,70.059025788,33.660648382,19.348631994,23.205891903,13.13670997,21.79406853,25.286949269,20.615858058,32.182468346,39.259691052,83.545986141,101.20386735,7.1169236061,0,0,0,0,50.113982299
8209,Bourgoin-Jallieu,7.1,7.4,7.5,7.1,6.7,6.2,8.6,8.5,8.2,8.9,9.1,176.26370532,1,75.704248748,71.819782762,24.611973392,23.135888502,26.726813264,13.500020987,22.197245614,21.681658466,21.200996339,29.378810286,47.338414451,59.79446025,100.5775159,8.0490822415,0,0,0,0,45.356430552
8210,Grenoble,7.2,7.4,7.3,7.1,6.5,6,7.7,7.6,7.3,7.7,8,131.12240185,1,73.619435112,70.600752054,32.260739537,18.873077141,18.782845093,21.786493376,23.630790588,23.811837212,17.534764516,42.28613613,43.062961019,87.770093917,101.79389772,10.350970401,0,0,0,0,55.755707172
8211,Vienne - Roussillon,7,7.1,7.3,7.4,6.6,6.1,7.9,7.9,7.8,8.3,8.8,138.89883301,1,74.207235016,69.958728871,27.046399468,25.745883918,26.616422764,12.00771178,22.007035194,23.330277862,21.695463976,28.668832339,41.489870793,61.852392591,102.69588017,7.6300391158,0,0,0,0,46.967979934
8212,Roanne,8.4,8.8,8.5,8.3,7.9,7.4,9.3,9.2,8.9,9.6,10.1,98.069397705,1,71.831335331,68.814495947,34.463263415,23.923319952,28.354587823,9.5358198763,22.438049919,25.321235843,22.260581798,25.301784215,33.645758231,81.087114408,100.34190027,5.7275321602,0,0,0,0,46.919795986
8213,Villefranche-sur-Saône,5.8,6,5.8,5.6,5.2,4.8,6.4,6.3,6.1,6.6,7,134.54055244,1,76.280423567,72.903158934,26.292251849,22.180019298,22.102570234,14.879601172,21.688748388,23.464049431,19.853850395,32.318319556,35.607062301,58.165423352,100.73387785,6.8850282064,0,0,0,0,47.960182063
8214,Lyon,7.6,7.9,7.8,7.7,7,6.3,8.2,8.4,8.2,8.8,9.2,547.7860189,1,73.833416497,70.106590577,28.125572126,15.019118809,17.535977001,21.965156634,26.100171433,22.007032624,18.235477599,42.338780264,46.984358308,86.259409218,104.07206297,12.969997936,0,0,0,0,54.6579822
8215,Tarentaise,6.8,6.8,6.7,6.7,6.2,5.6,7.6,7.7,7.3,7.7,8,44.75675273,1,78.257118603,74.716804188,18.666745721,11.575556346,23.793964515,8.402219806,22.024087374,24.83728936,18.968190918,27.163690528,38.18510158,85.69485572,101.67616765,7.9696651689,0,0,0,0,42.523586221
8216,Chambéry,6.7,6.8,6.6,6.4,5.8,5.4,7.3,7.6,7.2,7.6,7.8,160.43590585,1,73.879760482,70.5681306,33.630451679,15.388172329,21.238414237,15.586424571,22.327957497,24.494840346,16.976411654,35.623168518,43.086792453,78.950213845,103.54103714,7.8897976519,0,0,0,0,51.355099709
8217,Maurienne,5.5,5.7,5.5,5.4,5.2,5.1,6.9,6.8,6.6,7.1,7.7,19.857770197,1,77.037612304,73.812714901,21.931976397,16.163893125,26.935302444,7.9933636483,20.300529829,26.412256341,18.215782772,26.226565817,34.023285899,85.863167909,93.061552365,6.50177227,0,0,0,0,43.885032895
8218,Annecy,6.1,6.1,5.9,5.5,4.8,4.4,6.5,6.6,6,6.4,6.6,169.73407913,1,77.550553555,74.571364434,28.651110816,18.643345518,20.258191467,17.290889274,22.312116461,23.998974657,16.247583814,38.855471018,42.879236591,79.008350791,103.0084043,7.9992588787,0,0,0,1,50.157854616
8219,Genevois Français,5.1,5.4,5.4,5.3,4.9,4.8,7,7.1,6.5,7,7.3,178.93544898,1,79.289111088,74.624487374,29.397760339,16.880597579,21.225088313,17.308187858,22.186346964,21.528542661,17.5914761,37.254412313,42.037535489,46.350980972,99.775653334,20.643842621,0,0,0,0,46.451975175
8220,Vallée de l'Arve,6.2,6.2,6.5,7,6.3,7.1,11.9,10.3,8.6,9.7,10.3,114.54104455,1,79.160063197,75.095171967,16.523899263,44.916052767,35.829749177,9.2352584379,22.90765189,22.65772827,27.171414554,24.752852128,38.933841028,68.745111252,91.209293219,15.491916643,0,0,0,0,41.732590165
8221,Mont Blanc,5,4.9,4.9,4.7,4.4,4.1,5.6,5.9,5.4,5.8,6.2,67.300682616,1,79.714948767,76.711167879,24.265505985,7.725788901,20.052141864,11.368260791,20.422834519,25.459808458,19.200654557,32.054089182,35.991076593,80.003807352,99.615726626,8.5127163612,0,0,0,0,43.766185952
8222,Chablais,6.7,6.7,6.7,6.5,6,5.8,7.4,7.7,7.4,7.9,8.2,142.5001157,1,78.469255812,74.564371262,27.199619965,13.30121136,23.003718566,12.156802586,22.52188625,23.391154074,18.025355281,32.335529738,38.991878531,68.29620731,100.2207686,10.05958367,0,0,0,1,45.534233382
8301,Montluçon,8.6,9.3,9.1,9.1,8.3,7.8,10,10,10.2,11.2,11.7,52.473253203,0,70.517960363,67.482221282,34.818984344,23.185998585,26.540164154,8.7552593931,20.767026401,27.473190932,20.913140389,24.586430402,30.276395213,85.273232376,92.00369826,5.530115323,0,0,0,0,47.998615175
8302,Moulins,6.3,6.6,6.8,6.9,6.2,5.9,7.5,7.8,7.7,8.2,8.6,31.601263139,0,72.075805996,69.4632712,40.844265159,14.420480894,25.836021632,8.5062396508,20.09116438,28.115349589,22.509822281,23.057765092,24.969274887,80.803286143,98.231711791,3.8007966063,0,0,0,0,46.974799015
8303,Vichy,8.7,9.2,9.2,9.4,8.6,8.1,9.9,10,9.9,10.5,10.9,63.350893552,0,71.778994975,67.810885595,32.215038574,21.118113659,27.204407928,9.7134592964,20.329136419,26.725357434,22.835077213,25.115878611,33.489331324,79.814507227,95.831936997,4.4717127092,0,0,0,0,47.286085688
8304,Aurillac,5.5,5.8,6,6.1,5.5,5.1,6.1,5.8,6,6.8,7.3,42.407316222,0,73.640833755,71.574795775,42.766871383,12.094856047,23.407136288,9.3464530448,18.938807489,26.734216458,19.257690296,26.877424383,23.204244032,88.893489732,98.656413723,2.5123106497,0,0,0,0,52.577793688
8305,Mauriac,5.7,5.8,5.7,5.7,5.2,4.7,5.3,5.1,5.3,5.7,5.8,18.885758602,0,73.318293304,70.406821022,37.971849008,18.138195777,26.913876171,5.9589196725,17.632355217,28.549311724,25.222858355,18.523669005,16.992233467,74.132848962,94.925493355,1.8421458282,0,0,0,0,41.220113676
8306,Saint-Flour,5.3,5.6,5.6,5.6,5.4,5,5.8,5.4,5.6,6.2,6.4,15.971400925,0,74.91641529,71.88547057,39.400022304,14.051522248,23.387867831,5.4756967566,19.160838122,28.394223627,19.718140644,22.185426716,18.86984558,83.449126651,96.532087318,1.4062455639,0,0,0,0,44.164505652
8307,Brioude,6.9,7.3,7.2,7.5,7.2,6.7,8,7.6,7.9,9,9.1,25.992607957,0,72.771080946,68.72850633,33.809864189,30.941744103,30.847003885,6.317277706,19.235447816,26.282680412,21.526722453,20.980576803,23.1851435,76.496653139,95.994440232,3.447836192,0,0,0,0,45.936027478
8308,Le Puy-en-Velay,6.7,6.8,6.8,7,6.4,5.9,6.9,7,7,7.6,8.2,49.482558076,0,72.171632843,69.44709334,44.798663215,14.209888274,22.709254726,9.5684373435,20.263429176,27.392248531,17.979284794,30.234614796,26.121654501,85.254786607,100.67801225,4.0306355687,0,0,0,0,53.370916801
8309,Ambert,6.3,6.6,6.5,7.2,6.6,6.2,7.7,8.1,7.5,7.4,7.9,26.927781426,0,71.94318615,68.947195086,29.846605744,37.940600522,31.134028609,6.4606350641,18.326710111,29.324823649,23.06189599,23.310553315,21.584302326,84.70730654,98.631386861,4.0358366294,0,0,0,0,45.693044425
8310,Clermont-Ferrand,6.8,7.2,7.2,7.3,6.8,6.5,8,8.1,7.8,8.2,8.5,98.673691895,0,71.648036809,68.449497478,34.850294361,16.439473255,21.412739552,16.12874654,22.948194459,25.403022989,17.001492046,35.096867445,33.889036486,87.509910578,99.875829455,7.3140005176,0,0,0,0,57.349581376
8311,Issoire,7.6,7.7,7.7,8,7.5,7.2,8.8,8.5,8.4,9,8.9,45.556567467,0,73.57298602,70.826688426,30.09478673,31.949664978,27.505825968,9.529208329,21.125221019,24.013116537,18.55016683,25.770299805,28.025876461,64.596978722,96.390201977,3.3875206066,0,0,0,0,44.647740499
8312,Thiers,8.8,9.8,9.3,9.4,8.6,7.7,10,9.8,9.4,10.2,10.6,59.379623621,0,71.440008264,67.306048818,27.455535972,37.854510495,33.344394789,8.3476690596,18.7361016,26.453620814,25.804202448,22.076279811,31.745304627,66.659848059,96.312774256,6.3408892452,0,0,0,0,49.272192394
9101,Carcassonne,8.6,9.1,9.2,9.2,8.7,8.6,10.4,11.2,11.4,12.1,13.1,81.063301559,0,71.214439105,67.250736987,46.248182392,5.9644983401,19.974560476,10.789100794,20.79859862,25.865035766,21.783607864,27.659460476,38.716445988,81.116506846,95.50783136,9.2439965184,0,0,0,0,46.911963852
9102,Limoux,8.9,9.5,9.6,9.9,9.3,8.8,10.2,10.7,11.5,13.1,13.3,24.437805809,0,68.8644827,64.475778556,44.626816014,12.365531773,22.536554482,8.7922124459,17.7325289,30.80807687,23.92977145,24.979372172,34.984469511,72.166844672,95.941661382,10.799878326,0,0,0,0,47.729140665
9103,Narbonne,11.3,11.9,11.9,12.3,11.4,10.9,12.7,13.2,13.2,14.2,15.2,72.286596963,0,68.863707986,64.69484762,33.807295111,7.6995472351,21.018796112,10.201557635,20.620987287,25.209699732,21.628523745,26.772578024,42.186661463,80.700524445,103.81308104,7.2018131888,0,0,0,0,46.584783912
9104,Alès,13.6,13.6,13.6,14,13,12,13.8,13.9,14.1,15.4,16.3,116.98363376,0,66.906627853,63.050352563,39.704003091,13.299057921,23.239940196,9.750468406,19.84966752,26.841634541,23.357137277,26.455898688,46.145201169,79.468847903,99.391196846,6.9545215623,0,0,0,0,51.217791849
9105,Bagnols-sur-Cèze,10.1,10.4,10.4,10.4,9.5,9,10.6,10.7,10.7,11.3,12.2,90.468047549,0,71.3640272,65.618302166,25.709929484,23.213264723,20.816016249,11.764709818,21.761348105,26.142530356,21.136989425,29.678726062,38.887181064,69.894522206,103.08415033,9.3432498159,0,0,0,0,48.380242876
9106,Nîmes,12.1,12.2,12,12.3,11.2,10.3,12,12.1,12,12.8,13.8,199.48150907,0,70.511459814,65.98264761,38.466337701,9.5456865748,19.731918151,13.441988207,22.693111137,24.288216858,23.065587469,31.563823872,48.594989974,76.769898904,101.00338013,11.296491168,0,0,0,0,52.773562712
9107,Agde - Pézenas,13.9,13.9,14.5,14.6,13.2,12.5,14.9,15.2,15.3,16.5,17.5,162.30073952,0,68.825838609,65.127895879,32.764281024,8.8914423287,20.356502177,9.3148887198,19.682082441,26.290968167,24.953532859,23.956142818,50.156817431,64.236489454,104.90483483,7.5901939693,0,0,0,0,47.704910258
9108,Béziers,11.3,11.7,11.7,11.7,11.2,11,13.2,13.5,13.5,14.6,15.2,87.13264845,0,67.938591823,64.039358483,39.042018866,8.7415340999,21.486065937,9.6288757504,20.870938218,25.836824235,23.623941323,25.601688655,41.81075363,79.707514198,99.896672578,8.5526783728,0,0,0,0,47.881475169
9109,Clermont-l'Hérault - Lodève,11.7,12.1,12.5,12.1,11.2,10.5,12.4,12.6,12.9,13.8,14.8,49.996218066,0,72.507877048,68.019816556,41.213017751,12.041420118,19.845135475,11.462946493,18.825195958,24.311667928,21.583552073,28.670371231,38.622891017,56.500462359,106.77429322,7.160628595,0,0,0,0,49.575058879
9110,Ganges,12.1,12.8,12.6,13.2,12.3,11.5,12.6,12.5,12.2,12.7,13.5,29.378672094,0,70.259940038,66.561900793,48.116760829,11.982109228,20.584488362,10.800760166,17.362251729,27.732492446,24.030195802,28.159783277,39.569967054,63.079093816,99.001814882,6.9693909977,0,0,0,0,48.887419603
9111,Montpellier,12.2,12,11.9,11.5,10.5,9.9,11.6,11.7,12,12.9,13.6,300.23065551,0,69.665613911,66.211235553,37.827385365,6.0934025204,14.641576269,20.979092642,24.845506846,23.17156856,17.817126216,43.012991767,51.534974621,83.68595685,104.82223222,11.248697444,0,0,0,0,58.931955138
9112,Sète,14.5,14.3,13.5,13.4,12.5,11.5,13.2,13.5,13.9,14.7,15.8,399.92568432,0,68.589439143,65.019212121,40.401526464,9.0882694541,20.259259504,11.341807124,21.278354247,25.138678417,23.864127611,26.454543672,45.84783222,66.406301191,106.85671895,7.4272368123,0,0,0,0,52.509005115
9113,Lozère,4.7,4.9,5,5,4.4,4,4.8,4.9,5.2,5.6,6.1,14.925760404,0,72.025172868,69.930331106,50.953858887,9.5923856818,20.204325261,8.8255306123,19.319067904,27.180434176,19.215471619,30.627954136,22.387660485,87.698926185,99.004879916,6.0542959937,0,0,0,0,54.540918158
9114,Céret,10.8,10.8,10.8,10.7,10.5,10,11.9,12.1,12.7,13.9,14.9,77.57394598,0,66.6721999,63.242238899,39.777542373,9.5206567797,20.218396142,10.372596918,19.254842149,27.459884145,22.644768478,25.870556913,48.099592376,67.569058223,98.717948718,8.7099573104,0,0,0,0,47.313430103
9115,Perpignan,12.2,12,11.7,11.6,10.8,10.2,12.2,12.5,12.9,14.3,15.1,245.86774426,0,68.04396808,64.020594778,37.513792963,6.8985246639,20.370836253,11.835483171,22.088312839,24.366798991,22.66206426,29.193031243,51.461809701,86.183192564,102.32869742,10.108858224,0,0,0,0,48.621687475
9116,Prades,8.5,8.8,8.8,8.5,8.4,8.1,10.1,10.5,10.6,11.7,12.4,23.097222373,0,71.458244331,69.63592182,46.873819418,3.9478655081,18.41615624,8.9319473446,18.203975815,26.428202519,21.284209005,27.305191869,44.685007325,74.148719911,92.071384783,11.547612957,0,0,0,0,48.499781673
9301,Digne-les-Bains,7.5,7.7,8,8.3,8.4,8.2,9.1,9.1,9.6,10.5,11.2,18.421891222,1,72.222419753,69.100591981,47.608907817,9.2227841363,20.266255507,10.533120698,19.503140947,28.405512868,20.44190813,27.949926091,35.72748017,81.099989377,95.766773163,6.9320316183,0,0,0,0,49.887997064
9302,Manosque,9.9,9.9,10.1,9.9,9.2,8.8,10.5,10.7,10.8,11.8,12.3,45.837350423,1,72.492732561,68.525478396,32.974316487,13.104927141,21.25516197,13.00597039,20.006389583,27.05696527,21.011188098,30.487725636,41.351584187,72.425205083,109.18261148,8.4505119257,0,0,0,0,45.204036565
9303,Briançon,7.2,7.5,7.7,7.9,7.4,6.5,7.4,7.5,7.5,8.2,9,15.58120141,1,77.010602149,74.833225858,31.402224412,3.7167394059,18.944471532,8.8830326696,19.760928552,26.021996509,17.935171948,32.816292963,38.96499239,86.23543741,102.42272833,5.9515763043,0,0,0,0,43.533104823
9304,Gap,7,7.2,7.4,7.2,6.9,6.4,7.3,7.5,7.9,8.6,9.1,24.58998534,1,74.635218046,71.772708854,41.290069896,5.0102434322,18.716606098,10.046364633,20.429999511,26.84885812,18.516889048,30.225764429,35.439488785,85.833315377,102.03296442,5.5304246055,0,0,0,0,48.980732831
9305,Cannes - Antibes,9.5,9.5,9.3,9,8.1,7.1,8.9,9.3,9.3,10,10.5,404.12527212,1,75.308297935,71.313441549,26.741107793,9.7827857725,16.48710156,18.278083795,20.364416924,25.331097379,22.212782001,34.700421251,52.593000735,81.181400053,104.67741369,13.597621594,0,0,0,0,50.544208814
9306,Menton - Vallée de la Roya,6.8,6.8,6.7,6.9,5.9,5.3,6.9,7.2,7.6,8.6,9.2,114.20738206,1,75.27649207,71.452802216,38.623135077,4.495885462,19.647145632,11.713754981,19.722419247,25.972258643,26.973631993,26.851667188,42.632529481,45.335831701,101.88056417,21.260179022,0,0,0,0,51.620201134
9307,Nice,8.1,8.1,8.1,8,7.2,6.6,8.2,8.3,8.5,9.3,10.1,181.18998548,1,73.148189679,69.047168533,36.462505035,7.1971257796,16.414372773,17.064829384,21.290493124,26.105579015,21.241355923,36.435508837,50.991774929,79.037891385,99.374848241,14.951927331,0,0,0,0,53.801329385
9308,Aix-en-Provence,9.3,9.1,9,8.8,8.1,7.2,8.5,8.7,8.7,9.1,9.4,152.09114575,1,71.081327595,67.135043707,28.620428888,10.254955977,14.471410772,22.977983001,22.140908531,25.510124397,16.404267768,44.157272835,50.663329161,67.729733598,108.01064144,7.7787768807,0,0,0,0,59.419171763
9309,Arles,11.2,11.2,11.3,11.9,11.1,10.3,12.4,12.9,13.4,14.3,14.9,52.088513345,1,69.899239525,64.425843893,36.019317623,8.1518579797,22.431379944,12.484680189,19.766000246,28.031757215,23.249803228,30.009669316,43.645083933,69.030057675,99.355200449,9.66381193,0,0,0,0,51.602438743
9310,Marseille - Aubagne,11.6,11.5,11.6,11.8,11.2,10.1,11.5,12,12.1,12.5,12.7,844.4250362,1,69.228571938,65.340832648,35.657713019,9.641247444,16.619140183,18.414053428,22.406653372,24.309623586,22.404434123,36.510570597,50.984447715,83.763083723,101.27223431,11.765259655,0,0,0,0,55.43808884
9311,Istres - Martigues,10.4,10.3,10.1,10.1,9.3,8.7,10.8,11.1,10.8,11,11.5,352.9167312,1,70.589730161,65.093119778,31.427479944,25.510420646,23.877787345,10.894419771,23.514145831,23.396505431,21.980465159,27.739771659,51.593487913,71.88645202,100.7384975,7.6551292725,0,0,0,0,46.269574475
9312,Salon-de-Provence,10.6,10.4,10.1,10.1,9.7,9,10.9,11.2,11.3,11.7,12.1,268.16213912,1,72.986580643,68.640550059,34.761050744,7.483208496,21.153835884,15.066823523,23.189866433,22.608129713,20.371533428,32.405634828,49.365729899,53.080892724,99.994350921,7.9235202611,0,0,0,0,45.231933275
9313,Draguignan,11.4,11.2,11,10.7,10.2,9.6,11.2,11.3,11.4,12,12.6,75.058797178,1,70.208806564,65.442185433,40.126064972,5.4062478354,20.768360085,10.795866561,22.470162091,25.192706221,23.268081109,26.279082403,49.169992019,72.423946845,107.26079594,7.8838226366,0,0,0,0,43.275539976
9314,Fréjus - Saint-Raphaël,10.2,11.1,10.9,10.5,9.8,8.9,10.7,11,11.2,11.8,12.3,193.92747484,1,72.603116875,67.023944273,25.331154146,8.16435128,18.948943965,11.319313453,21.09743787,26.447638668,24.86935229,25.235047169,51.82152231,82.667603332,103.25204497,11.156483678,0,0,0,0,43.506736678
9315,Toulon,10.5,10.5,10.3,9.9,9.1,8.4,9.7,9.7,9.9,10.4,10.7,335.54689881,1,70.448799487,66.693358612,40.083376331,7.003729068,16.933901189,13.507059592,22.4392162,25.203812753,21.019095981,30.603220823,50.918461949,84.674320851,103.77221791,6.6287112608,0,0,0,0,49.69589039
9316,Cavaillon - Apt,9.1,9.1,9.6,9.7,9.1,8.4,10.5,10.8,11.3,12.1,12.7,63.929830982,1,72.329819071,67.8175996,27.656381053,11.049309142,23.468232425,11.110072392,20.90683938,26.679490408,26.517718221,26.298701823,44.700239808,70.498977857,95.794989356,12.448612629,0,0,0,0,43.694078424
9317,Orange,9.4,9.5,10.2,10.6,10.2,9.3,11.2,11.4,11.6,12.4,12.7,163.35098599,1,71.399756499,65.376331005,28.683661361,18.339539261,25.760967038,9.703737199,23.118401109,24.175003797,24.683979306,25.059276769,44.261620732,60.081113917,99.450786794,11.744909672,0,0,0,0,46.243605367
